nationality,period,people,period_start,period_end,period_type,classification,source_table,note,source_id,source_publication_date,source_url,retrieved_at,review_status
Eritrea,2018,0,2018-01-01,2018-12-31,calendar_year,OFFICIAL_STATISTIC,IER_02b,Latest recorded nationality at extraction; may be revised (IER_02b notes 12–15).,HO-TABLES-2026Q2,2026-08-27,https://assets.publishing.service.gov.uk/media/6a8c11c3a8f84a582b84281a/illegal-entry-routes-to-the-uk-summary-jun-2026-tables.ods,2026-09-11,source_checked_pending_independent_review
Eritrea,2019,0,2019-01-01,2019-12-31,calendar_year,OFFICIAL_STATISTIC,IER_02b,Latest recorded nationality at extraction; may be revised (IER_02b notes 12–15).,HO-TABLES-2026Q2,2026-08-27,https://assets.publishing.service.gov.uk/media/6a8c11c3a8f84a582b84281a/illegal-entry-routes-to-the-uk-summary-jun-2026-tables.ods,2026-09-11,source_checked_pending_independent_review
Eritrea,2020,511,2020-01-01,2020-12-31,calendar_year,OFFICIAL_STATISTIC,IER_02b,Latest recorded nationality at extraction; may be revised (IER_02b notes 12–15).,HO-TABLES-2026Q2,2026-08-27,https://assets.publishing.service.gov.uk/media/6a8c11c3a8f84a582b84281a/illegal-entry-routes-to-the-uk-summary-jun-2026-tables.ods,2026-09-11,source_checked_pending_independent_review
Eritrea,2021,2875,2021-01-01,2021-12-31,calendar_year,OFFICIAL_STATISTIC,IER_02b,Latest recorded nationality at extraction; may be revised (IER_02b notes 12–15).,HO-TABLES-2026Q2,2026-08-27,https://assets.publishing.service.gov.uk/media/6a8c11c3a8f84a582b84281a/illegal-entry-routes-to-the-uk-summary-jun-2026-tables.ods,2026-09-11,source_checked_pending_independent_review
Eritrea,2022,2020,2022-01-01,2022-12-31,calendar_year,OFFICIAL_STATISTIC,IER_02b,Latest recorded nationality at extraction; may be revised (IER_02b notes 12–15).,HO-TABLES-2026Q2,2026-08-27,https://assets.publishing.service.gov.uk/media/6a8c11c3a8f84a582b84281a/illegal-entry-routes-to-the-uk-summary-jun-2026-tables.ods,2026-09-11,source_checked_pending_independent_review
Eritrea,2023,2666,2023-01-01,2023-12-31,calendar_year,OFFICIAL_STATISTIC,IER_02b,Latest recorded nationality at extraction; may be revised (IER_02b notes 12–15).,HO-TABLES-2026Q2,2026-08-27,https://assets.publishing.service.gov.uk/media/6a8c11c3a8f84a582b84281a/illegal-entry-routes-to-the-uk-summary-jun-2026-tables.ods,2026-09-11,source_checked_pending_independent_review
Eritrea,2024,3480,2024-01-01,2024-12-31,calendar_year,OFFICIAL_STATISTIC,IER_02b,Latest recorded nationality at extraction; may be revised (IER_02b notes 12–15).,HO-TABLES-2026Q2,2026-08-27,https://assets.publishing.service.gov.uk/media/6a8c11c3a8f84a582b84281a/illegal-entry-routes-to-the-uk-summary-jun-2026-tables.ods,2026-09-11,source_checked_pending_independent_review
Eritrea,2025,7583,2025-01-01,2025-12-31,calendar_year,OFFICIAL_STATISTIC,IER_02b,Latest recorded nationality at extraction; may be revised (IER_02b notes 12–15).,HO-TABLES-2026Q2,2026-08-27,https://assets.publishing.service.gov.uk/media/6a8c11c3a8f84a582b84281a/illegal-entry-routes-to-the-uk-summary-jun-2026-tables.ods,2026-09-11,source_checked_pending_independent_review
Eritrea,Year ending June 2025,5982,2024-07-01,2025-06-30,year_ending_june,OFFICIAL_STATISTIC,IER_02b,Latest recorded nationality at extraction; may be revised (IER_02b notes 12–15).,HO-TABLES-2026Q2,2026-08-27,https://assets.publishing.service.gov.uk/media/6a8c11c3a8f84a582b84281a/illegal-entry-routes-to-the-uk-summary-jun-2026-tables.ods,2026-09-11,source_checked_pending_independent_review
Eritrea,Year ending June 2026,5875,2025-07-01,2026-06-30,year_ending_june,OFFICIAL_STATISTIC,IER_02b,Latest recorded nationality at extraction; may be revised (IER_02b notes 12–15).,HO-TABLES-2026Q2,2026-08-27,https://assets.publishing.service.gov.uk/media/6a8c11c3a8f84a582b84281a/illegal-entry-routes-to-the-uk-summary-jun-2026-tables.ods,2026-09-11,source_checked_pending_independent_review
Sudan,2018,0,2018-01-01,2018-12-31,calendar_year,OFFICIAL_STATISTIC,IER_02b,Latest recorded nationality at extraction; may be revised (IER_02b notes 12–15).,HO-TABLES-2026Q2,2026-08-27,https://assets.publishing.service.gov.uk/media/6a8c11c3a8f84a582b84281a/illegal-entry-routes-to-the-uk-summary-jun-2026-tables.ods,2026-09-11,source_checked_pending_independent_review
Sudan,2019,0,2019-01-01,2019-12-31,calendar_year,OFFICIAL_STATISTIC,IER_02b,Latest recorded nationality at extraction; may be revised (IER_02b notes 12–15).,HO-TABLES-2026Q2,2026-08-27,https://assets.publishing.service.gov.uk/media/6a8c11c3a8f84a582b84281a/illegal-entry-routes-to-the-uk-summary-jun-2026-tables.ods,2026-09-11,source_checked_pending_independent_review
Sudan,2020,969,2020-01-01,2020-12-31,calendar_year,OFFICIAL_STATISTIC,IER_02b,Latest recorded nationality at extraction; may be revised (IER_02b notes 12–15).,HO-TABLES-2026Q2,2026-08-27,https://assets.publishing.service.gov.uk/media/6a8c11c3a8f84a582b84281a/illegal-entry-routes-to-the-uk-summary-jun-2026-tables.ods,2026-09-11,source_checked_pending_independent_review
Sudan,2021,1064,2021-01-01,2021-12-31,calendar_year,OFFICIAL_STATISTIC,IER_02b,Latest recorded nationality at extraction; may be revised (IER_02b notes 12–15).,HO-TABLES-2026Q2,2026-08-27,https://assets.publishing.service.gov.uk/media/6a8c11c3a8f84a582b84281a/illegal-entry-routes-to-the-uk-summary-jun-2026-tables.ods,2026-09-11,source_checked_pending_independent_review
Sudan,2022,1762,2022-01-01,2022-12-31,calendar_year,OFFICIAL_STATISTIC,IER_02b,Latest recorded nationality at extraction; may be revised (IER_02b notes 12–15).,HO-TABLES-2026Q2,2026-08-27,https://assets.publishing.service.gov.uk/media/6a8c11c3a8f84a582b84281a/illegal-entry-routes-to-the-uk-summary-jun-2026-tables.ods,2026-09-11,source_checked_pending_independent_review
Sudan,2023,1658,2023-01-01,2023-12-31,calendar_year,OFFICIAL_STATISTIC,IER_02b,Latest recorded nationality at extraction; may be revised (IER_02b notes 12–15).,HO-TABLES-2026Q2,2026-08-27,https://assets.publishing.service.gov.uk/media/6a8c11c3a8f84a582b84281a/illegal-entry-routes-to-the-uk-summary-jun-2026-tables.ods,2026-09-11,source_checked_pending_independent_review
Sudan,2024,2748,2024-01-01,2024-12-31,calendar_year,OFFICIAL_STATISTIC,IER_02b,Latest recorded nationality at extraction; may be revised (IER_02b notes 12–15).,HO-TABLES-2026Q2,2026-08-27,https://assets.publishing.service.gov.uk/media/6a8c11c3a8f84a582b84281a/illegal-entry-routes-to-the-uk-summary-jun-2026-tables.ods,2026-09-11,source_checked_pending_independent_review
Sudan,2025,4447,2025-01-01,2025-12-31,calendar_year,OFFICIAL_STATISTIC,IER_02b,Latest recorded nationality at extraction; may be revised (IER_02b notes 12–15).,HO-TABLES-2026Q2,2026-08-27,https://assets.publishing.service.gov.uk/media/6a8c11c3a8f84a582b84281a/illegal-entry-routes-to-the-uk-summary-jun-2026-tables.ods,2026-09-11,source_checked_pending_independent_review
Sudan,Year ending June 2025,3772,2024-07-01,2025-06-30,year_ending_june,OFFICIAL_STATISTIC,IER_02b,Latest recorded nationality at extraction; may be revised (IER_02b notes 12–15).,HO-TABLES-2026Q2,2026-08-27,https://assets.publishing.service.gov.uk/media/6a8c11c3a8f84a582b84281a/illegal-entry-routes-to-the-uk-summary-jun-2026-tables.ods,2026-09-11,source_checked_pending_independent_review
Sudan,Year ending June 2026,4191,2025-07-01,2026-06-30,year_ending_june,OFFICIAL_STATISTIC,IER_02b,Latest recorded nationality at extraction; may be revised (IER_02b notes 12–15).,HO-TABLES-2026Q2,2026-08-27,https://assets.publishing.service.gov.uk/media/6a8c11c3a8f84a582b84281a/illegal-entry-routes-to-the-uk-summary-jun-2026-tables.ods,2026-09-11,source_checked_pending_independent_review
Afghanistan,2018,3,2018-01-01,2018-12-31,calendar_year,OFFICIAL_STATISTIC,IER_02b,Latest recorded nationality at extraction; may be revised (IER_02b notes 12–15).,HO-TABLES-2026Q2,2026-08-27,https://assets.publishing.service.gov.uk/media/6a8c11c3a8f84a582b84281a/illegal-entry-routes-to-the-uk-summary-jun-2026-tables.ods,2026-09-11,source_checked_pending_independent_review
Afghanistan,2019,69,2019-01-01,2019-12-31,calendar_year,OFFICIAL_STATISTIC,IER_02b,Latest recorded nationality at extraction; may be revised (IER_02b notes 12–15).,HO-TABLES-2026Q2,2026-08-27,https://assets.publishing.service.gov.uk/media/6a8c11c3a8f84a582b84281a/illegal-entry-routes-to-the-uk-summary-jun-2026-tables.ods,2026-09-11,source_checked_pending_independent_review
Afghanistan,2020,494,2020-01-01,2020-12-31,calendar_year,OFFICIAL_STATISTIC,IER_02b,Latest recorded nationality at extraction; may be revised (IER_02b notes 12–15).,HO-TABLES-2026Q2,2026-08-27,https://assets.publishing.service.gov.uk/media/6a8c11c3a8f84a582b84281a/illegal-entry-routes-to-the-uk-summary-jun-2026-tables.ods,2026-09-11,source_checked_pending_independent_review
Afghanistan,2021,1437,2021-01-01,2021-12-31,calendar_year,OFFICIAL_STATISTIC,IER_02b,Latest recorded nationality at extraction; may be revised (IER_02b notes 12–15).,HO-TABLES-2026Q2,2026-08-27,https://assets.publishing.service.gov.uk/media/6a8c11c3a8f84a582b84281a/illegal-entry-routes-to-the-uk-summary-jun-2026-tables.ods,2026-09-11,source_checked_pending_independent_review
Afghanistan,2022,9088,2022-01-01,2022-12-31,calendar_year,OFFICIAL_STATISTIC,IER_02b,Latest recorded nationality at extraction; may be revised (IER_02b notes 12–15).,HO-TABLES-2026Q2,2026-08-27,https://assets.publishing.service.gov.uk/media/6a8c11c3a8f84a582b84281a/illegal-entry-routes-to-the-uk-summary-jun-2026-tables.ods,2026-09-11,source_checked_pending_independent_review
Afghanistan,2023,5511,2023-01-01,2023-12-31,calendar_year,OFFICIAL_STATISTIC,IER_02b,Latest recorded nationality at extraction; may be revised (IER_02b notes 12–15).,HO-TABLES-2026Q2,2026-08-27,https://assets.publishing.service.gov.uk/media/6a8c11c3a8f84a582b84281a/illegal-entry-routes-to-the-uk-summary-jun-2026-tables.ods,2026-09-11,source_checked_pending_independent_review
Afghanistan,2024,6065,2024-01-01,2024-12-31,calendar_year,OFFICIAL_STATISTIC,IER_02b,Latest recorded nationality at extraction; may be revised (IER_02b notes 12–15).,HO-TABLES-2026Q2,2026-08-27,https://assets.publishing.service.gov.uk/media/6a8c11c3a8f84a582b84281a/illegal-entry-routes-to-the-uk-summary-jun-2026-tables.ods,2026-09-11,source_checked_pending_independent_review
Afghanistan,2025,4801,2025-01-01,2025-12-31,calendar_year,OFFICIAL_STATISTIC,IER_02b,Latest recorded nationality at extraction; may be revised (IER_02b notes 12–15).,HO-TABLES-2026Q2,2026-08-27,https://assets.publishing.service.gov.uk/media/6a8c11c3a8f84a582b84281a/illegal-entry-routes-to-the-uk-summary-jun-2026-tables.ods,2026-09-11,source_checked_pending_independent_review
Afghanistan,Year ending June 2025,6390,2024-07-01,2025-06-30,year_ending_june,OFFICIAL_STATISTIC,IER_02b,Latest recorded nationality at extraction; may be revised (IER_02b notes 12–15).,HO-TABLES-2026Q2,2026-08-27,https://assets.publishing.service.gov.uk/media/6a8c11c3a8f84a582b84281a/illegal-entry-routes-to-the-uk-summary-jun-2026-tables.ods,2026-09-11,source_checked_pending_independent_review
Afghanistan,Year ending June 2026,4042,2025-07-01,2026-06-30,year_ending_june,OFFICIAL_STATISTIC,IER_02b,Latest recorded nationality at extraction; may be revised (IER_02b notes 12–15).,HO-TABLES-2026Q2,2026-08-27,https://assets.publishing.service.gov.uk/media/6a8c11c3a8f84a582b84281a/illegal-entry-routes-to-the-uk-summary-jun-2026-tables.ods,2026-09-11,source_checked_pending_independent_review
Somalia,2018,0,2018-01-01,2018-12-31,calendar_year,OFFICIAL_STATISTIC,IER_02b,Latest recorded nationality at extraction; may be revised (IER_02b notes 12–15).,HO-TABLES-2026Q2,2026-08-27,https://assets.publishing.service.gov.uk/media/6a8c11c3a8f84a582b84281a/illegal-entry-routes-to-the-uk-summary-jun-2026-tables.ods,2026-09-11,source_checked_pending_independent_review
Somalia,2019,0,2019-01-01,2019-12-31,calendar_year,OFFICIAL_STATISTIC,IER_02b,Latest recorded nationality at extraction; may be revised (IER_02b notes 12–15).,HO-TABLES-2026Q2,2026-08-27,https://assets.publishing.service.gov.uk/media/6a8c11c3a8f84a582b84281a/illegal-entry-routes-to-the-uk-summary-jun-2026-tables.ods,2026-09-11,source_checked_pending_independent_review
Somalia,2020,14,2020-01-01,2020-12-31,calendar_year,OFFICIAL_STATISTIC,IER_02b,Latest recorded nationality at extraction; may be revised (IER_02b notes 12–15).,HO-TABLES-2026Q2,2026-08-27,https://assets.publishing.service.gov.uk/media/6a8c11c3a8f84a582b84281a/illegal-entry-routes-to-the-uk-summary-jun-2026-tables.ods,2026-09-11,source_checked_pending_independent_review
Somalia,2021,318,2021-01-01,2021-12-31,calendar_year,OFFICIAL_STATISTIC,IER_02b,Latest recorded nationality at extraction; may be revised (IER_02b notes 12–15).,HO-TABLES-2026Q2,2026-08-27,https://assets.publishing.service.gov.uk/media/6a8c11c3a8f84a582b84281a/illegal-entry-routes-to-the-uk-summary-jun-2026-tables.ods,2026-09-11,source_checked_pending_independent_review
Somalia,2022,86,2022-01-01,2022-12-31,calendar_year,OFFICIAL_STATISTIC,IER_02b,Latest recorded nationality at extraction; may be revised (IER_02b notes 12–15).,HO-TABLES-2026Q2,2026-08-27,https://assets.publishing.service.gov.uk/media/6a8c11c3a8f84a582b84281a/illegal-entry-routes-to-the-uk-summary-jun-2026-tables.ods,2026-09-11,source_checked_pending_independent_review
Somalia,2023,248,2023-01-01,2023-12-31,calendar_year,OFFICIAL_STATISTIC,IER_02b,Latest recorded nationality at extraction; may be revised (IER_02b notes 12–15).,HO-TABLES-2026Q2,2026-08-27,https://assets.publishing.service.gov.uk/media/6a8c11c3a8f84a582b84281a/illegal-entry-routes-to-the-uk-summary-jun-2026-tables.ods,2026-09-11,source_checked_pending_independent_review
Somalia,2024,697,2024-01-01,2024-12-31,calendar_year,OFFICIAL_STATISTIC,IER_02b,Latest recorded nationality at extraction; may be revised (IER_02b notes 12–15).,HO-TABLES-2026Q2,2026-08-27,https://assets.publishing.service.gov.uk/media/6a8c11c3a8f84a582b84281a/illegal-entry-routes-to-the-uk-summary-jun-2026-tables.ods,2026-09-11,source_checked_pending_independent_review
Somalia,2025,3806,2025-01-01,2025-12-31,calendar_year,OFFICIAL_STATISTIC,IER_02b,Latest recorded nationality at extraction; may be revised (IER_02b notes 12–15).,HO-TABLES-2026Q2,2026-08-27,https://assets.publishing.service.gov.uk/media/6a8c11c3a8f84a582b84281a/illegal-entry-routes-to-the-uk-summary-jun-2026-tables.ods,2026-09-11,source_checked_pending_independent_review
Somalia,Year ending June 2025,2221,2024-07-01,2025-06-30,year_ending_june,OFFICIAL_STATISTIC,IER_02b,Latest recorded nationality at extraction; may be revised (IER_02b notes 12–15).,HO-TABLES-2026Q2,2026-08-27,https://assets.publishing.service.gov.uk/media/6a8c11c3a8f84a582b84281a/illegal-entry-routes-to-the-uk-summary-jun-2026-tables.ods,2026-09-11,source_checked_pending_independent_review
Somalia,Year ending June 2026,3901,2025-07-01,2026-06-30,year_ending_june,OFFICIAL_STATISTIC,IER_02b,Latest recorded nationality at extraction; may be revised (IER_02b notes 12–15).,HO-TABLES-2026Q2,2026-08-27,https://assets.publishing.service.gov.uk/media/6a8c11c3a8f84a582b84281a/illegal-entry-routes-to-the-uk-summary-jun-2026-tables.ods,2026-09-11,source_checked_pending_independent_review
Iran,2018,238,2018-01-01,2018-12-31,calendar_year,OFFICIAL_STATISTIC,IER_02b,Latest recorded nationality at extraction; may be revised (IER_02b notes 12–15).,HO-TABLES-2026Q2,2026-08-27,https://assets.publishing.service.gov.uk/media/6a8c11c3a8f84a582b84281a/illegal-entry-routes-to-the-uk-summary-jun-2026-tables.ods,2026-09-11,source_checked_pending_independent_review
Iran,2019,1213,2019-01-01,2019-12-31,calendar_year,OFFICIAL_STATISTIC,IER_02b,Latest recorded nationality at extraction; may be revised (IER_02b notes 12–15).,HO-TABLES-2026Q2,2026-08-27,https://assets.publishing.service.gov.uk/media/6a8c11c3a8f84a582b84281a/illegal-entry-routes-to-the-uk-summary-jun-2026-tables.ods,2026-09-11,source_checked_pending_independent_review
Iran,2020,2373,2020-01-01,2020-12-31,calendar_year,OFFICIAL_STATISTIC,IER_02b,Latest recorded nationality at extraction; may be revised (IER_02b notes 12–15).,HO-TABLES-2026Q2,2026-08-27,https://assets.publishing.service.gov.uk/media/6a8c11c3a8f84a582b84281a/illegal-entry-routes-to-the-uk-summary-jun-2026-tables.ods,2026-09-11,source_checked_pending_independent_review
Iran,2021,8319,2021-01-01,2021-12-31,calendar_year,OFFICIAL_STATISTIC,IER_02b,Latest recorded nationality at extraction; may be revised (IER_02b notes 12–15).,HO-TABLES-2026Q2,2026-08-27,https://assets.publishing.service.gov.uk/media/6a8c11c3a8f84a582b84281a/illegal-entry-routes-to-the-uk-summary-jun-2026-tables.ods,2026-09-11,source_checked_pending_independent_review
Iran,2022,5841,2022-01-01,2022-12-31,calendar_year,OFFICIAL_STATISTIC,IER_02b,Latest recorded nationality at extraction; may be revised (IER_02b notes 12–15).,HO-TABLES-2026Q2,2026-08-27,https://assets.publishing.service.gov.uk/media/6a8c11c3a8f84a582b84281a/illegal-entry-routes-to-the-uk-summary-jun-2026-tables.ods,2026-09-11,source_checked_pending_independent_review
Iran,2023,3582,2023-01-01,2023-12-31,calendar_year,OFFICIAL_STATISTIC,IER_02b,Latest recorded nationality at extraction; may be revised (IER_02b notes 12–15).,HO-TABLES-2026Q2,2026-08-27,https://assets.publishing.service.gov.uk/media/6a8c11c3a8f84a582b84281a/illegal-entry-routes-to-the-uk-summary-jun-2026-tables.ods,2026-09-11,source_checked_pending_independent_review
Iran,2024,4214,2024-01-01,2024-12-31,calendar_year,OFFICIAL_STATISTIC,IER_02b,Latest recorded nationality at extraction; may be revised (IER_02b notes 12–15).,HO-TABLES-2026Q2,2026-08-27,https://assets.publishing.service.gov.uk/media/6a8c11c3a8f84a582b84281a/illegal-entry-routes-to-the-uk-summary-jun-2026-tables.ods,2026-09-11,source_checked_pending_independent_review
Iran,2025,4505,2025-01-01,2025-12-31,calendar_year,OFFICIAL_STATISTIC,IER_02b,Latest recorded nationality at extraction; may be revised (IER_02b notes 12–15).,HO-TABLES-2026Q2,2026-08-27,https://assets.publishing.service.gov.uk/media/6a8c11c3a8f84a582b84281a/illegal-entry-routes-to-the-uk-summary-jun-2026-tables.ods,2026-09-11,source_checked_pending_independent_review
Iran,Year ending June 2025,4319,2024-07-01,2025-06-30,year_ending_june,OFFICIAL_STATISTIC,IER_02b,Latest recorded nationality at extraction; may be revised (IER_02b notes 12–15).,HO-TABLES-2026Q2,2026-08-27,https://assets.publishing.service.gov.uk/media/6a8c11c3a8f84a582b84281a/illegal-entry-routes-to-the-uk-summary-jun-2026-tables.ods,2026-09-11,source_checked_pending_independent_review
Iran,Year ending June 2026,3657,2025-07-01,2026-06-30,year_ending_june,OFFICIAL_STATISTIC,IER_02b,Latest recorded nationality at extraction; may be revised (IER_02b notes 12–15).,HO-TABLES-2026Q2,2026-08-27,https://assets.publishing.service.gov.uk/media/6a8c11c3a8f84a582b84281a/illegal-entry-routes-to-the-uk-summary-jun-2026-tables.ods,2026-09-11,source_checked_pending_independent_review
Ethiopia,2018,0,2018-01-01,2018-12-31,calendar_year,OFFICIAL_STATISTIC,IER_02b,Latest recorded nationality at extraction; may be revised (IER_02b notes 12–15).,HO-TABLES-2026Q2,2026-08-27,https://assets.publishing.service.gov.uk/media/6a8c11c3a8f84a582b84281a/illegal-entry-routes-to-the-uk-summary-jun-2026-tables.ods,2026-09-11,source_checked_pending_independent_review
Ethiopia,2019,5,2019-01-01,2019-12-31,calendar_year,OFFICIAL_STATISTIC,IER_02b,Latest recorded nationality at extraction; may be revised (IER_02b notes 12–15).,HO-TABLES-2026Q2,2026-08-27,https://assets.publishing.service.gov.uk/media/6a8c11c3a8f84a582b84281a/illegal-entry-routes-to-the-uk-summary-jun-2026-tables.ods,2026-09-11,source_checked_pending_independent_review
Ethiopia,2020,108,2020-01-01,2020-12-31,calendar_year,OFFICIAL_STATISTIC,IER_02b,Latest recorded nationality at extraction; may be revised (IER_02b notes 12–15).,HO-TABLES-2026Q2,2026-08-27,https://assets.publishing.service.gov.uk/media/6a8c11c3a8f84a582b84281a/illegal-entry-routes-to-the-uk-summary-jun-2026-tables.ods,2026-09-11,source_checked_pending_independent_review
Ethiopia,2021,544,2021-01-01,2021-12-31,calendar_year,OFFICIAL_STATISTIC,IER_02b,Latest recorded nationality at extraction; may be revised (IER_02b notes 12–15).,HO-TABLES-2026Q2,2026-08-27,https://assets.publishing.service.gov.uk/media/6a8c11c3a8f84a582b84281a/illegal-entry-routes-to-the-uk-summary-jun-2026-tables.ods,2026-09-11,source_checked_pending_independent_review
Ethiopia,2022,530,2022-01-01,2022-12-31,calendar_year,OFFICIAL_STATISTIC,IER_02b,Latest recorded nationality at extraction; may be revised (IER_02b notes 12–15).,HO-TABLES-2026Q2,2026-08-27,https://assets.publishing.service.gov.uk/media/6a8c11c3a8f84a582b84281a/illegal-entry-routes-to-the-uk-summary-jun-2026-tables.ods,2026-09-11,source_checked_pending_independent_review
Ethiopia,2023,249,2023-01-01,2023-12-31,calendar_year,OFFICIAL_STATISTIC,IER_02b,Latest recorded nationality at extraction; may be revised (IER_02b notes 12–15).,HO-TABLES-2026Q2,2026-08-27,https://assets.publishing.service.gov.uk/media/6a8c11c3a8f84a582b84281a/illegal-entry-routes-to-the-uk-summary-jun-2026-tables.ods,2026-09-11,source_checked_pending_independent_review
Ethiopia,2024,508,2024-01-01,2024-12-31,calendar_year,OFFICIAL_STATISTIC,IER_02b,Latest recorded nationality at extraction; may be revised (IER_02b notes 12–15).,HO-TABLES-2026Q2,2026-08-27,https://assets.publishing.service.gov.uk/media/6a8c11c3a8f84a582b84281a/illegal-entry-routes-to-the-uk-summary-jun-2026-tables.ods,2026-09-11,source_checked_pending_independent_review
Ethiopia,2025,1745,2025-01-01,2025-12-31,calendar_year,OFFICIAL_STATISTIC,IER_02b,Latest recorded nationality at extraction; may be revised (IER_02b notes 12–15).,HO-TABLES-2026Q2,2026-08-27,https://assets.publishing.service.gov.uk/media/6a8c11c3a8f84a582b84281a/illegal-entry-routes-to-the-uk-summary-jun-2026-tables.ods,2026-09-11,source_checked_pending_independent_review
Ethiopia,Year ending June 2025,1228,2024-07-01,2025-06-30,year_ending_june,OFFICIAL_STATISTIC,IER_02b,Latest recorded nationality at extraction; may be revised (IER_02b notes 12–15).,HO-TABLES-2026Q2,2026-08-27,https://assets.publishing.service.gov.uk/media/6a8c11c3a8f84a582b84281a/illegal-entry-routes-to-the-uk-summary-jun-2026-tables.ods,2026-09-11,source_checked_pending_independent_review
Ethiopia,Year ending June 2026,1364,2025-07-01,2026-06-30,year_ending_june,OFFICIAL_STATISTIC,IER_02b,Latest recorded nationality at extraction; may be revised (IER_02b notes 12–15).,HO-TABLES-2026Q2,2026-08-27,https://assets.publishing.service.gov.uk/media/6a8c11c3a8f84a582b84281a/illegal-entry-routes-to-the-uk-summary-jun-2026-tables.ods,2026-09-11,source_checked_pending_independent_review
Iraq,2018,33,2018-01-01,2018-12-31,calendar_year,OFFICIAL_STATISTIC,IER_02b,Latest recorded nationality at extraction; may be revised (IER_02b notes 12–15).,HO-TABLES-2026Q2,2026-08-27,https://assets.publishing.service.gov.uk/media/6a8c11c3a8f84a582b84281a/illegal-entry-routes-to-the-uk-summary-jun-2026-tables.ods,2026-09-11,source_checked_pending_independent_review
Iraq,2019,471,2019-01-01,2019-12-31,calendar_year,OFFICIAL_STATISTIC,IER_02b,Latest recorded nationality at extraction; may be revised (IER_02b notes 12–15).,HO-TABLES-2026Q2,2026-08-27,https://assets.publishing.service.gov.uk/media/6a8c11c3a8f84a582b84281a/illegal-entry-routes-to-the-uk-summary-jun-2026-tables.ods,2026-09-11,source_checked_pending_independent_review
Iraq,2020,1648,2020-01-01,2020-12-31,calendar_year,OFFICIAL_STATISTIC,IER_02b,Latest recorded nationality at extraction; may be revised (IER_02b notes 12–15).,HO-TABLES-2026Q2,2026-08-27,https://assets.publishing.service.gov.uk/media/6a8c11c3a8f84a582b84281a/illegal-entry-routes-to-the-uk-summary-jun-2026-tables.ods,2026-09-11,source_checked_pending_independent_review
Iraq,2021,6117,2021-01-01,2021-12-31,calendar_year,OFFICIAL_STATISTIC,IER_02b,Latest recorded nationality at extraction; may be revised (IER_02b notes 12–15).,HO-TABLES-2026Q2,2026-08-27,https://assets.publishing.service.gov.uk/media/6a8c11c3a8f84a582b84281a/illegal-entry-routes-to-the-uk-summary-jun-2026-tables.ods,2026-09-11,source_checked_pending_independent_review
Iraq,2022,4574,2022-01-01,2022-12-31,calendar_year,OFFICIAL_STATISTIC,IER_02b,Latest recorded nationality at extraction; may be revised (IER_02b notes 12–15).,HO-TABLES-2026Q2,2026-08-27,https://assets.publishing.service.gov.uk/media/6a8c11c3a8f84a582b84281a/illegal-entry-routes-to-the-uk-summary-jun-2026-tables.ods,2026-09-11,source_checked_pending_independent_review
Iraq,2023,2536,2023-01-01,2023-12-31,calendar_year,OFFICIAL_STATISTIC,IER_02b,Latest recorded nationality at extraction; may be revised (IER_02b notes 12–15).,HO-TABLES-2026Q2,2026-08-27,https://assets.publishing.service.gov.uk/media/6a8c11c3a8f84a582b84281a/illegal-entry-routes-to-the-uk-summary-jun-2026-tables.ods,2026-09-11,source_checked_pending_independent_review
Iraq,2024,2142,2024-01-01,2024-12-31,calendar_year,OFFICIAL_STATISTIC,IER_02b,Latest recorded nationality at extraction; may be revised (IER_02b notes 12–15).,HO-TABLES-2026Q2,2026-08-27,https://assets.publishing.service.gov.uk/media/6a8c11c3a8f84a582b84281a/illegal-entry-routes-to-the-uk-summary-jun-2026-tables.ods,2026-09-11,source_checked_pending_independent_review
Iraq,2025,1706,2025-01-01,2025-12-31,calendar_year,OFFICIAL_STATISTIC,IER_02b,Latest recorded nationality at extraction; may be revised (IER_02b notes 12–15).,HO-TABLES-2026Q2,2026-08-27,https://assets.publishing.service.gov.uk/media/6a8c11c3a8f84a582b84281a/illegal-entry-routes-to-the-uk-summary-jun-2026-tables.ods,2026-09-11,source_checked_pending_independent_review
Iraq,Year ending June 2025,1936,2024-07-01,2025-06-30,year_ending_june,OFFICIAL_STATISTIC,IER_02b,Latest recorded nationality at extraction; may be revised (IER_02b notes 12–15).,HO-TABLES-2026Q2,2026-08-27,https://assets.publishing.service.gov.uk/media/6a8c11c3a8f84a582b84281a/illegal-entry-routes-to-the-uk-summary-jun-2026-tables.ods,2026-09-11,source_checked_pending_independent_review
Iraq,Year ending June 2026,1336,2025-07-01,2026-06-30,year_ending_june,OFFICIAL_STATISTIC,IER_02b,Latest recorded nationality at extraction; may be revised (IER_02b notes 12–15).,HO-TABLES-2026Q2,2026-08-27,https://assets.publishing.service.gov.uk/media/6a8c11c3a8f84a582b84281a/illegal-entry-routes-to-the-uk-summary-jun-2026-tables.ods,2026-09-11,source_checked_pending_independent_review
Syria,2018,1,2018-01-01,2018-12-31,calendar_year,OFFICIAL_STATISTIC,IER_02b,Latest recorded nationality at extraction; may be revised (IER_02b notes 12–15).,HO-TABLES-2026Q2,2026-08-27,https://assets.publishing.service.gov.uk/media/6a8c11c3a8f84a582b84281a/illegal-entry-routes-to-the-uk-summary-jun-2026-tables.ods,2026-09-11,source_checked_pending_independent_review
Syria,2019,14,2019-01-01,2019-12-31,calendar_year,OFFICIAL_STATISTIC,IER_02b,Latest recorded nationality at extraction; may be revised (IER_02b notes 12–15).,HO-TABLES-2026Q2,2026-08-27,https://assets.publishing.service.gov.uk/media/6a8c11c3a8f84a582b84281a/illegal-entry-routes-to-the-uk-summary-jun-2026-tables.ods,2026-09-11,source_checked_pending_independent_review
Syria,2020,776,2020-01-01,2020-12-31,calendar_year,OFFICIAL_STATISTIC,IER_02b,Latest recorded nationality at extraction; may be revised (IER_02b notes 12–15).,HO-TABLES-2026Q2,2026-08-27,https://assets.publishing.service.gov.uk/media/6a8c11c3a8f84a582b84281a/illegal-entry-routes-to-the-uk-summary-jun-2026-tables.ods,2026-09-11,source_checked_pending_independent_review
Syria,2021,2451,2021-01-01,2021-12-31,calendar_year,OFFICIAL_STATISTIC,IER_02b,Latest recorded nationality at extraction; may be revised (IER_02b notes 12–15).,HO-TABLES-2026Q2,2026-08-27,https://assets.publishing.service.gov.uk/media/6a8c11c3a8f84a582b84281a/illegal-entry-routes-to-the-uk-summary-jun-2026-tables.ods,2026-09-11,source_checked_pending_independent_review
Syria,2022,3006,2022-01-01,2022-12-31,calendar_year,OFFICIAL_STATISTIC,IER_02b,Latest recorded nationality at extraction; may be revised (IER_02b notes 12–15).,HO-TABLES-2026Q2,2026-08-27,https://assets.publishing.service.gov.uk/media/6a8c11c3a8f84a582b84281a/illegal-entry-routes-to-the-uk-summary-jun-2026-tables.ods,2026-09-11,source_checked_pending_independent_review
Syria,2023,2275,2023-01-01,2023-12-31,calendar_year,OFFICIAL_STATISTIC,IER_02b,Latest recorded nationality at extraction; may be revised (IER_02b notes 12–15).,HO-TABLES-2026Q2,2026-08-27,https://assets.publishing.service.gov.uk/media/6a8c11c3a8f84a582b84281a/illegal-entry-routes-to-the-uk-summary-jun-2026-tables.ods,2026-09-11,source_checked_pending_independent_review
Syria,2024,4693,2024-01-01,2024-12-31,calendar_year,OFFICIAL_STATISTIC,IER_02b,Latest recorded nationality at extraction; may be revised (IER_02b notes 12–15).,HO-TABLES-2026Q2,2026-08-27,https://assets.publishing.service.gov.uk/media/6a8c11c3a8f84a582b84281a/illegal-entry-routes-to-the-uk-summary-jun-2026-tables.ods,2026-09-11,source_checked_pending_independent_review
Syria,2025,1531,2025-01-01,2025-12-31,calendar_year,OFFICIAL_STATISTIC,IER_02b,Latest recorded nationality at extraction; may be revised (IER_02b notes 12–15).,HO-TABLES-2026Q2,2026-08-27,https://assets.publishing.service.gov.uk/media/6a8c11c3a8f84a582b84281a/illegal-entry-routes-to-the-uk-summary-jun-2026-tables.ods,2026-09-11,source_checked_pending_independent_review
Syria,Year ending June 2025,3946,2024-07-01,2025-06-30,year_ending_june,OFFICIAL_STATISTIC,IER_02b,Latest recorded nationality at extraction; may be revised (IER_02b notes 12–15).,HO-TABLES-2026Q2,2026-08-27,https://assets.publishing.service.gov.uk/media/6a8c11c3a8f84a582b84281a/illegal-entry-routes-to-the-uk-summary-jun-2026-tables.ods,2026-09-11,source_checked_pending_independent_review
Syria,Year ending June 2026,1003,2025-07-01,2026-06-30,year_ending_june,OFFICIAL_STATISTIC,IER_02b,Latest recorded nationality at extraction; may be revised (IER_02b notes 12–15).,HO-TABLES-2026Q2,2026-08-27,https://assets.publishing.service.gov.uk/media/6a8c11c3a8f84a582b84281a/illegal-entry-routes-to-the-uk-summary-jun-2026-tables.ods,2026-09-11,source_checked_pending_independent_review
Turkey,2018,0,2018-01-01,2018-12-31,calendar_year,OFFICIAL_STATISTIC,IER_02b,Latest recorded nationality at extraction; may be revised (IER_02b notes 12–15).,HO-TABLES-2026Q2,2026-08-27,https://assets.publishing.service.gov.uk/media/6a8c11c3a8f84a582b84281a/illegal-entry-routes-to-the-uk-summary-jun-2026-tables.ods,2026-09-11,source_checked_pending_independent_review
Turkey,2019,2,2019-01-01,2019-12-31,calendar_year,OFFICIAL_STATISTIC,IER_02b,Latest recorded nationality at extraction; may be revised (IER_02b notes 12–15).,HO-TABLES-2026Q2,2026-08-27,https://assets.publishing.service.gov.uk/media/6a8c11c3a8f84a582b84281a/illegal-entry-routes-to-the-uk-summary-jun-2026-tables.ods,2026-09-11,source_checked_pending_independent_review
Turkey,2020,10,2020-01-01,2020-12-31,calendar_year,OFFICIAL_STATISTIC,IER_02b,Latest recorded nationality at extraction; may be revised (IER_02b notes 12–15).,HO-TABLES-2026Q2,2026-08-27,https://assets.publishing.service.gov.uk/media/6a8c11c3a8f84a582b84281a/illegal-entry-routes-to-the-uk-summary-jun-2026-tables.ods,2026-09-11,source_checked_pending_independent_review
Turkey,2021,69,2021-01-01,2021-12-31,calendar_year,OFFICIAL_STATISTIC,IER_02b,Latest recorded nationality at extraction; may be revised (IER_02b notes 12–15).,HO-TABLES-2026Q2,2026-08-27,https://assets.publishing.service.gov.uk/media/6a8c11c3a8f84a582b84281a/illegal-entry-routes-to-the-uk-summary-jun-2026-tables.ods,2026-09-11,source_checked_pending_independent_review
Turkey,2022,1127,2022-01-01,2022-12-31,calendar_year,OFFICIAL_STATISTIC,IER_02b,Latest recorded nationality at extraction; may be revised (IER_02b notes 12–15).,HO-TABLES-2026Q2,2026-08-27,https://assets.publishing.service.gov.uk/media/6a8c11c3a8f84a582b84281a/illegal-entry-routes-to-the-uk-summary-jun-2026-tables.ods,2026-09-11,source_checked_pending_independent_review
Turkey,2023,3058,2023-01-01,2023-12-31,calendar_year,OFFICIAL_STATISTIC,IER_02b,Latest recorded nationality at extraction; may be revised (IER_02b notes 12–15).,HO-TABLES-2026Q2,2026-08-27,https://assets.publishing.service.gov.uk/media/6a8c11c3a8f84a582b84281a/illegal-entry-routes-to-the-uk-summary-jun-2026-tables.ods,2026-09-11,source_checked_pending_independent_review
Turkey,2024,1944,2024-01-01,2024-12-31,calendar_year,OFFICIAL_STATISTIC,IER_02b,Latest recorded nationality at extraction; may be revised (IER_02b notes 12–15).,HO-TABLES-2026Q2,2026-08-27,https://assets.publishing.service.gov.uk/media/6a8c11c3a8f84a582b84281a/illegal-entry-routes-to-the-uk-summary-jun-2026-tables.ods,2026-09-11,source_checked_pending_independent_review
Turkey,2025,1158,2025-01-01,2025-12-31,calendar_year,OFFICIAL_STATISTIC,IER_02b,Latest recorded nationality at extraction; may be revised (IER_02b notes 12–15).,HO-TABLES-2026Q2,2026-08-27,https://assets.publishing.service.gov.uk/media/6a8c11c3a8f84a582b84281a/illegal-entry-routes-to-the-uk-summary-jun-2026-tables.ods,2026-09-11,source_checked_pending_independent_review
Turkey,Year ending June 2025,1549,2024-07-01,2025-06-30,year_ending_june,OFFICIAL_STATISTIC,IER_02b,Latest recorded nationality at extraction; may be revised (IER_02b notes 12–15).,HO-TABLES-2026Q2,2026-08-27,https://assets.publishing.service.gov.uk/media/6a8c11c3a8f84a582b84281a/illegal-entry-routes-to-the-uk-summary-jun-2026-tables.ods,2026-09-11,source_checked_pending_independent_review
Turkey,Year ending June 2026,783,2025-07-01,2026-06-30,year_ending_june,OFFICIAL_STATISTIC,IER_02b,Latest recorded nationality at extraction; may be revised (IER_02b notes 12–15).,HO-TABLES-2026Q2,2026-08-27,https://assets.publishing.service.gov.uk/media/6a8c11c3a8f84a582b84281a/illegal-entry-routes-to-the-uk-summary-jun-2026-tables.ods,2026-09-11,source_checked_pending_independent_review
Vietnam,2018,4,2018-01-01,2018-12-31,calendar_year,OFFICIAL_STATISTIC,IER_02b,Latest recorded nationality at extraction; may be revised (IER_02b notes 12–15).,HO-TABLES-2026Q2,2026-08-27,https://assets.publishing.service.gov.uk/media/6a8c11c3a8f84a582b84281a/illegal-entry-routes-to-the-uk-summary-jun-2026-tables.ods,2026-09-11,source_checked_pending_independent_review
Vietnam,2019,3,2019-01-01,2019-12-31,calendar_year,OFFICIAL_STATISTIC,IER_02b,Latest recorded nationality at extraction; may be revised (IER_02b notes 12–15).,HO-TABLES-2026Q2,2026-08-27,https://assets.publishing.service.gov.uk/media/6a8c11c3a8f84a582b84281a/illegal-entry-routes-to-the-uk-summary-jun-2026-tables.ods,2026-09-11,source_checked_pending_independent_review
Vietnam,2020,118,2020-01-01,2020-12-31,calendar_year,OFFICIAL_STATISTIC,IER_02b,Latest recorded nationality at extraction; may be revised (IER_02b notes 12–15).,HO-TABLES-2026Q2,2026-08-27,https://assets.publishing.service.gov.uk/media/6a8c11c3a8f84a582b84281a/illegal-entry-routes-to-the-uk-summary-jun-2026-tables.ods,2026-09-11,source_checked_pending_independent_review
Vietnam,2021,1403,2021-01-01,2021-12-31,calendar_year,OFFICIAL_STATISTIC,IER_02b,Latest recorded nationality at extraction; may be revised (IER_02b notes 12–15).,HO-TABLES-2026Q2,2026-08-27,https://assets.publishing.service.gov.uk/media/6a8c11c3a8f84a582b84281a/illegal-entry-routes-to-the-uk-summary-jun-2026-tables.ods,2026-09-11,source_checked_pending_independent_review
Vietnam,2022,505,2022-01-01,2022-12-31,calendar_year,OFFICIAL_STATISTIC,IER_02b,Latest recorded nationality at extraction; may be revised (IER_02b notes 12–15).,HO-TABLES-2026Q2,2026-08-27,https://assets.publishing.service.gov.uk/media/6a8c11c3a8f84a582b84281a/illegal-entry-routes-to-the-uk-summary-jun-2026-tables.ods,2026-09-11,source_checked_pending_independent_review
Vietnam,2023,1306,2023-01-01,2023-12-31,calendar_year,OFFICIAL_STATISTIC,IER_02b,Latest recorded nationality at extraction; may be revised (IER_02b notes 12–15).,HO-TABLES-2026Q2,2026-08-27,https://assets.publishing.service.gov.uk/media/6a8c11c3a8f84a582b84281a/illegal-entry-routes-to-the-uk-summary-jun-2026-tables.ods,2026-09-11,source_checked_pending_independent_review
Vietnam,2024,3658,2024-01-01,2024-12-31,calendar_year,OFFICIAL_STATISTIC,IER_02b,Latest recorded nationality at extraction; may be revised (IER_02b notes 12–15).,HO-TABLES-2026Q2,2026-08-27,https://assets.publishing.service.gov.uk/media/6a8c11c3a8f84a582b84281a/illegal-entry-routes-to-the-uk-summary-jun-2026-tables.ods,2026-09-11,source_checked_pending_independent_review
Vietnam,2025,1440,2025-01-01,2025-12-31,calendar_year,OFFICIAL_STATISTIC,IER_02b,Latest recorded nationality at extraction; may be revised (IER_02b notes 12–15).,HO-TABLES-2026Q2,2026-08-27,https://assets.publishing.service.gov.uk/media/6a8c11c3a8f84a582b84281a/illegal-entry-routes-to-the-uk-summary-jun-2026-tables.ods,2026-09-11,source_checked_pending_independent_review
Vietnam,Year ending June 2025,2428,2024-07-01,2025-06-30,year_ending_june,OFFICIAL_STATISTIC,IER_02b,Latest recorded nationality at extraction; may be revised (IER_02b notes 12–15).,HO-TABLES-2026Q2,2026-08-27,https://assets.publishing.service.gov.uk/media/6a8c11c3a8f84a582b84281a/illegal-entry-routes-to-the-uk-summary-jun-2026-tables.ods,2026-09-11,source_checked_pending_independent_review
Vietnam,Year ending June 2026,723,2025-07-01,2026-06-30,year_ending_june,OFFICIAL_STATISTIC,IER_02b,Latest recorded nationality at extraction; may be revised (IER_02b notes 12–15).,HO-TABLES-2026Q2,2026-08-27,https://assets.publishing.service.gov.uk/media/6a8c11c3a8f84a582b84281a/illegal-entry-routes-to-the-uk-summary-jun-2026-tables.ods,2026-09-11,source_checked_pending_independent_review
Yemen,2018,0,2018-01-01,2018-12-31,calendar_year,OFFICIAL_STATISTIC,IER_02b,Latest recorded nationality at extraction; may be revised (IER_02b notes 12–15).,HO-TABLES-2026Q2,2026-08-27,https://assets.publishing.service.gov.uk/media/6a8c11c3a8f84a582b84281a/illegal-entry-routes-to-the-uk-summary-jun-2026-tables.ods,2026-09-11,source_checked_pending_independent_review
Yemen,2019,0,2019-01-01,2019-12-31,calendar_year,OFFICIAL_STATISTIC,IER_02b,Latest recorded nationality at extraction; may be revised (IER_02b notes 12–15).,HO-TABLES-2026Q2,2026-08-27,https://assets.publishing.service.gov.uk/media/6a8c11c3a8f84a582b84281a/illegal-entry-routes-to-the-uk-summary-jun-2026-tables.ods,2026-09-11,source_checked_pending_independent_review
Yemen,2020,252,2020-01-01,2020-12-31,calendar_year,OFFICIAL_STATISTIC,IER_02b,Latest recorded nationality at extraction; may be revised (IER_02b notes 12–15).,HO-TABLES-2026Q2,2026-08-27,https://assets.publishing.service.gov.uk/media/6a8c11c3a8f84a582b84281a/illegal-entry-routes-to-the-uk-summary-jun-2026-tables.ods,2026-09-11,source_checked_pending_independent_review
Yemen,2021,135,2021-01-01,2021-12-31,calendar_year,OFFICIAL_STATISTIC,IER_02b,Latest recorded nationality at extraction; may be revised (IER_02b notes 12–15).,HO-TABLES-2026Q2,2026-08-27,https://assets.publishing.service.gov.uk/media/6a8c11c3a8f84a582b84281a/illegal-entry-routes-to-the-uk-summary-jun-2026-tables.ods,2026-09-11,source_checked_pending_independent_review
Yemen,2022,160,2022-01-01,2022-12-31,calendar_year,OFFICIAL_STATISTIC,IER_02b,Latest recorded nationality at extraction; may be revised (IER_02b notes 12–15).,HO-TABLES-2026Q2,2026-08-27,https://assets.publishing.service.gov.uk/media/6a8c11c3a8f84a582b84281a/illegal-entry-routes-to-the-uk-summary-jun-2026-tables.ods,2026-09-11,source_checked_pending_independent_review
Yemen,2023,91,2023-01-01,2023-12-31,calendar_year,OFFICIAL_STATISTIC,IER_02b,Latest recorded nationality at extraction; may be revised (IER_02b notes 12–15).,HO-TABLES-2026Q2,2026-08-27,https://assets.publishing.service.gov.uk/media/6a8c11c3a8f84a582b84281a/illegal-entry-routes-to-the-uk-summary-jun-2026-tables.ods,2026-09-11,source_checked_pending_independent_review
Yemen,2024,1300,2024-01-01,2024-12-31,calendar_year,OFFICIAL_STATISTIC,IER_02b,Latest recorded nationality at extraction; may be revised (IER_02b notes 12–15).,HO-TABLES-2026Q2,2026-08-27,https://assets.publishing.service.gov.uk/media/6a8c11c3a8f84a582b84281a/illegal-entry-routes-to-the-uk-summary-jun-2026-tables.ods,2026-09-11,source_checked_pending_independent_review
Yemen,2025,1332,2025-01-01,2025-12-31,calendar_year,OFFICIAL_STATISTIC,IER_02b,Latest recorded nationality at extraction; may be revised (IER_02b notes 12–15).,HO-TABLES-2026Q2,2026-08-27,https://assets.publishing.service.gov.uk/media/6a8c11c3a8f84a582b84281a/illegal-entry-routes-to-the-uk-summary-jun-2026-tables.ods,2026-09-11,source_checked_pending_independent_review
Yemen,Year ending June 2025,2189,2024-07-01,2025-06-30,year_ending_june,OFFICIAL_STATISTIC,IER_02b,Latest recorded nationality at extraction; may be revised (IER_02b notes 12–15).,HO-TABLES-2026Q2,2026-08-27,https://assets.publishing.service.gov.uk/media/6a8c11c3a8f84a582b84281a/illegal-entry-routes-to-the-uk-summary-jun-2026-tables.ods,2026-09-11,source_checked_pending_independent_review
Yemen,Year ending June 2026,517,2025-07-01,2026-06-30,year_ending_june,OFFICIAL_STATISTIC,IER_02b,Latest recorded nationality at extraction; may be revised (IER_02b notes 12–15).,HO-TABLES-2026Q2,2026-08-27,https://assets.publishing.service.gov.uk/media/6a8c11c3a8f84a582b84281a/illegal-entry-routes-to-the-uk-summary-jun-2026-tables.ods,2026-09-11,source_checked_pending_independent_review
India,2018,0,2018-01-01,2018-12-31,calendar_year,OFFICIAL_STATISTIC,IER_02b,Latest recorded nationality at extraction; may be revised (IER_02b notes 12–15).,HO-TABLES-2026Q2,2026-08-27,https://assets.publishing.service.gov.uk/media/6a8c11c3a8f84a582b84281a/illegal-entry-routes-to-the-uk-summary-jun-2026-tables.ods,2026-09-11,source_checked_pending_independent_review
India,2019,0,2019-01-01,2019-12-31,calendar_year,OFFICIAL_STATISTIC,IER_02b,Latest recorded nationality at extraction; may be revised (IER_02b notes 12–15).,HO-TABLES-2026Q2,2026-08-27,https://assets.publishing.service.gov.uk/media/6a8c11c3a8f84a582b84281a/illegal-entry-routes-to-the-uk-summary-jun-2026-tables.ods,2026-09-11,source_checked_pending_independent_review
India,2020,64,2020-01-01,2020-12-31,calendar_year,OFFICIAL_STATISTIC,IER_02b,Latest recorded nationality at extraction; may be revised (IER_02b notes 12–15).,HO-TABLES-2026Q2,2026-08-27,https://assets.publishing.service.gov.uk/media/6a8c11c3a8f84a582b84281a/illegal-entry-routes-to-the-uk-summary-jun-2026-tables.ods,2026-09-11,source_checked_pending_independent_review
India,2021,67,2021-01-01,2021-12-31,calendar_year,OFFICIAL_STATISTIC,IER_02b,Latest recorded nationality at extraction; may be revised (IER_02b notes 12–15).,HO-TABLES-2026Q2,2026-08-27,https://assets.publishing.service.gov.uk/media/6a8c11c3a8f84a582b84281a/illegal-entry-routes-to-the-uk-summary-jun-2026-tables.ods,2026-09-11,source_checked_pending_independent_review
India,2022,748,2022-01-01,2022-12-31,calendar_year,OFFICIAL_STATISTIC,IER_02b,Latest recorded nationality at extraction; may be revised (IER_02b notes 12–15).,HO-TABLES-2026Q2,2026-08-27,https://assets.publishing.service.gov.uk/media/6a8c11c3a8f84a582b84281a/illegal-entry-routes-to-the-uk-summary-jun-2026-tables.ods,2026-09-11,source_checked_pending_independent_review
India,2023,1214,2023-01-01,2023-12-31,calendar_year,OFFICIAL_STATISTIC,IER_02b,Latest recorded nationality at extraction; may be revised (IER_02b notes 12–15).,HO-TABLES-2026Q2,2026-08-27,https://assets.publishing.service.gov.uk/media/6a8c11c3a8f84a582b84281a/illegal-entry-routes-to-the-uk-summary-jun-2026-tables.ods,2026-09-11,source_checked_pending_independent_review
India,2024,293,2024-01-01,2024-12-31,calendar_year,OFFICIAL_STATISTIC,IER_02b,Latest recorded nationality at extraction; may be revised (IER_02b notes 12–15).,HO-TABLES-2026Q2,2026-08-27,https://assets.publishing.service.gov.uk/media/6a8c11c3a8f84a582b84281a/illegal-entry-routes-to-the-uk-summary-jun-2026-tables.ods,2026-09-11,source_checked_pending_independent_review
India,2025,461,2025-01-01,2025-12-31,calendar_year,OFFICIAL_STATISTIC,IER_02b,Latest recorded nationality at extraction; may be revised (IER_02b notes 12–15).,HO-TABLES-2026Q2,2026-08-27,https://assets.publishing.service.gov.uk/media/6a8c11c3a8f84a582b84281a/illegal-entry-routes-to-the-uk-summary-jun-2026-tables.ods,2026-09-11,source_checked_pending_independent_review
India,Year ending June 2025,363,2024-07-01,2025-06-30,year_ending_june,OFFICIAL_STATISTIC,IER_02b,Latest recorded nationality at extraction; may be revised (IER_02b notes 12–15).,HO-TABLES-2026Q2,2026-08-27,https://assets.publishing.service.gov.uk/media/6a8c11c3a8f84a582b84281a/illegal-entry-routes-to-the-uk-summary-jun-2026-tables.ods,2026-09-11,source_checked_pending_independent_review
India,Year ending June 2026,471,2025-07-01,2026-06-30,year_ending_june,OFFICIAL_STATISTIC,IER_02b,Latest recorded nationality at extraction; may be revised (IER_02b notes 12–15).,HO-TABLES-2026Q2,2026-08-27,https://assets.publishing.service.gov.uk/media/6a8c11c3a8f84a582b84281a/illegal-entry-routes-to-the-uk-summary-jun-2026-tables.ods,2026-09-11,source_checked_pending_independent_review
Refugee,2018,0,2018-01-01,2018-12-31,calendar_year,OFFICIAL_STATISTIC,IER_02b,Latest recorded nationality at extraction; may be revised (IER_02b notes 12–15).,HO-TABLES-2026Q2,2026-08-27,https://assets.publishing.service.gov.uk/media/6a8c11c3a8f84a582b84281a/illegal-entry-routes-to-the-uk-summary-jun-2026-tables.ods,2026-09-11,source_checked_pending_independent_review
Refugee,2019,7,2019-01-01,2019-12-31,calendar_year,OFFICIAL_STATISTIC,IER_02b,Latest recorded nationality at extraction; may be revised (IER_02b notes 12–15).,HO-TABLES-2026Q2,2026-08-27,https://assets.publishing.service.gov.uk/media/6a8c11c3a8f84a582b84281a/illegal-entry-routes-to-the-uk-summary-jun-2026-tables.ods,2026-09-11,source_checked_pending_independent_review
Refugee,2020,99,2020-01-01,2020-12-31,calendar_year,OFFICIAL_STATISTIC,IER_02b,Latest recorded nationality at extraction; may be revised (IER_02b notes 12–15).,HO-TABLES-2026Q2,2026-08-27,https://assets.publishing.service.gov.uk/media/6a8c11c3a8f84a582b84281a/illegal-entry-routes-to-the-uk-summary-jun-2026-tables.ods,2026-09-11,source_checked_pending_independent_review
Refugee,2021,42,2021-01-01,2021-12-31,calendar_year,OFFICIAL_STATISTIC,IER_02b,Latest recorded nationality at extraction; may be revised (IER_02b notes 12–15).,HO-TABLES-2026Q2,2026-08-27,https://assets.publishing.service.gov.uk/media/6a8c11c3a8f84a582b84281a/illegal-entry-routes-to-the-uk-summary-jun-2026-tables.ods,2026-09-11,source_checked_pending_independent_review
Refugee,2022,45,2022-01-01,2022-12-31,calendar_year,OFFICIAL_STATISTIC,IER_02b,Latest recorded nationality at extraction; may be revised (IER_02b notes 12–15).,HO-TABLES-2026Q2,2026-08-27,https://assets.publishing.service.gov.uk/media/6a8c11c3a8f84a582b84281a/illegal-entry-routes-to-the-uk-summary-jun-2026-tables.ods,2026-09-11,source_checked_pending_independent_review
Refugee,2023,22,2023-01-01,2023-12-31,calendar_year,OFFICIAL_STATISTIC,IER_02b,Latest recorded nationality at extraction; may be revised (IER_02b notes 12–15).,HO-TABLES-2026Q2,2026-08-27,https://assets.publishing.service.gov.uk/media/6a8c11c3a8f84a582b84281a/illegal-entry-routes-to-the-uk-summary-jun-2026-tables.ods,2026-09-11,source_checked_pending_independent_review
Refugee,2024,697,2024-01-01,2024-12-31,calendar_year,OFFICIAL_STATISTIC,IER_02b,Latest recorded nationality at extraction; may be revised (IER_02b notes 12–15).,HO-TABLES-2026Q2,2026-08-27,https://assets.publishing.service.gov.uk/media/6a8c11c3a8f84a582b84281a/illegal-entry-routes-to-the-uk-summary-jun-2026-tables.ods,2026-09-11,source_checked_pending_independent_review
Refugee,2025,1256,2025-01-01,2025-12-31,calendar_year,OFFICIAL_STATISTIC,IER_02b,Latest recorded nationality at extraction; may be revised (IER_02b notes 12–15).,HO-TABLES-2026Q2,2026-08-27,https://assets.publishing.service.gov.uk/media/6a8c11c3a8f84a582b84281a/illegal-entry-routes-to-the-uk-summary-jun-2026-tables.ods,2026-09-11,source_checked_pending_independent_review
Refugee,Year ending June 2025,1351,2024-07-01,2025-06-30,year_ending_june,OFFICIAL_STATISTIC,IER_02b,Latest recorded nationality at extraction; may be revised (IER_02b notes 12–15).,HO-TABLES-2026Q2,2026-08-27,https://assets.publishing.service.gov.uk/media/6a8c11c3a8f84a582b84281a/illegal-entry-routes-to-the-uk-summary-jun-2026-tables.ods,2026-09-11,source_checked_pending_independent_review
Refugee,Year ending June 2026,441,2025-07-01,2026-06-30,year_ending_june,OFFICIAL_STATISTIC,IER_02b,Latest recorded nationality at extraction; may be revised (IER_02b notes 12–15).,HO-TABLES-2026Q2,2026-08-27,https://assets.publishing.service.gov.uk/media/6a8c11c3a8f84a582b84281a/illegal-entry-routes-to-the-uk-summary-jun-2026-tables.ods,2026-09-11,source_checked_pending_independent_review
Stateless,2018,0,2018-01-01,2018-12-31,calendar_year,OFFICIAL_STATISTIC,IER_02b,Latest recorded nationality at extraction; may be revised (IER_02b notes 12–15).,HO-TABLES-2026Q2,2026-08-27,https://assets.publishing.service.gov.uk/media/6a8c11c3a8f84a582b84281a/illegal-entry-routes-to-the-uk-summary-jun-2026-tables.ods,2026-09-11,source_checked_pending_independent_review
Stateless,2019,2,2019-01-01,2019-12-31,calendar_year,OFFICIAL_STATISTIC,IER_02b,Latest recorded nationality at extraction; may be revised (IER_02b notes 12–15).,HO-TABLES-2026Q2,2026-08-27,https://assets.publishing.service.gov.uk/media/6a8c11c3a8f84a582b84281a/illegal-entry-routes-to-the-uk-summary-jun-2026-tables.ods,2026-09-11,source_checked_pending_independent_review
Stateless,2020,389,2020-01-01,2020-12-31,calendar_year,OFFICIAL_STATISTIC,IER_02b,Latest recorded nationality at extraction; may be revised (IER_02b notes 12–15).,HO-TABLES-2026Q2,2026-08-27,https://assets.publishing.service.gov.uk/media/6a8c11c3a8f84a582b84281a/illegal-entry-routes-to-the-uk-summary-jun-2026-tables.ods,2026-09-11,source_checked_pending_independent_review
Stateless,2021,498,2021-01-01,2021-12-31,calendar_year,OFFICIAL_STATISTIC,IER_02b,Latest recorded nationality at extraction; may be revised (IER_02b notes 12–15).,HO-TABLES-2026Q2,2026-08-27,https://assets.publishing.service.gov.uk/media/6a8c11c3a8f84a582b84281a/illegal-entry-routes-to-the-uk-summary-jun-2026-tables.ods,2026-09-11,source_checked_pending_independent_review
Stateless,2022,198,2022-01-01,2022-12-31,calendar_year,OFFICIAL_STATISTIC,IER_02b,Latest recorded nationality at extraction; may be revised (IER_02b notes 12–15).,HO-TABLES-2026Q2,2026-08-27,https://assets.publishing.service.gov.uk/media/6a8c11c3a8f84a582b84281a/illegal-entry-routes-to-the-uk-summary-jun-2026-tables.ods,2026-09-11,source_checked_pending_independent_review
Stateless,2023,51,2023-01-01,2023-12-31,calendar_year,OFFICIAL_STATISTIC,IER_02b,Latest recorded nationality at extraction; may be revised (IER_02b notes 12–15).,HO-TABLES-2026Q2,2026-08-27,https://assets.publishing.service.gov.uk/media/6a8c11c3a8f84a582b84281a/illegal-entry-routes-to-the-uk-summary-jun-2026-tables.ods,2026-09-11,source_checked_pending_independent_review
Stateless,2024,138,2024-01-01,2024-12-31,calendar_year,OFFICIAL_STATISTIC,IER_02b,Latest recorded nationality at extraction; may be revised (IER_02b notes 12–15).,HO-TABLES-2026Q2,2026-08-27,https://assets.publishing.service.gov.uk/media/6a8c11c3a8f84a582b84281a/illegal-entry-routes-to-the-uk-summary-jun-2026-tables.ods,2026-09-11,source_checked_pending_independent_review
Stateless,2025,276,2025-01-01,2025-12-31,calendar_year,OFFICIAL_STATISTIC,IER_02b,Latest recorded nationality at extraction; may be revised (IER_02b notes 12–15).,HO-TABLES-2026Q2,2026-08-27,https://assets.publishing.service.gov.uk/media/6a8c11c3a8f84a582b84281a/illegal-entry-routes-to-the-uk-summary-jun-2026-tables.ods,2026-09-11,source_checked_pending_independent_review
Stateless,Year ending June 2025,240,2024-07-01,2025-06-30,year_ending_june,OFFICIAL_STATISTIC,IER_02b,Latest recorded nationality at extraction; may be revised (IER_02b notes 12–15).,HO-TABLES-2026Q2,2026-08-27,https://assets.publishing.service.gov.uk/media/6a8c11c3a8f84a582b84281a/illegal-entry-routes-to-the-uk-summary-jun-2026-tables.ods,2026-09-11,source_checked_pending_independent_review
Stateless,Year ending June 2026,425,2025-07-01,2026-06-30,year_ending_june,OFFICIAL_STATISTIC,IER_02b,Latest recorded nationality at extraction; may be revised (IER_02b notes 12–15).,HO-TABLES-2026Q2,2026-08-27,https://assets.publishing.service.gov.uk/media/6a8c11c3a8f84a582b84281a/illegal-entry-routes-to-the-uk-summary-jun-2026-tables.ods,2026-09-11,source_checked_pending_independent_review
Palestine,2018,0,2018-01-01,2018-12-31,calendar_year,OFFICIAL_STATISTIC,IER_02b,Latest recorded nationality at extraction; may be revised (IER_02b notes 12–15).,HO-TABLES-2026Q2,2026-08-27,https://assets.publishing.service.gov.uk/media/6a8c11c3a8f84a582b84281a/illegal-entry-routes-to-the-uk-summary-jun-2026-tables.ods,2026-09-11,source_checked_pending_independent_review
Palestine,2019,0,2019-01-01,2019-12-31,calendar_year,OFFICIAL_STATISTIC,IER_02b,Latest recorded nationality at extraction; may be revised (IER_02b notes 12–15).,HO-TABLES-2026Q2,2026-08-27,https://assets.publishing.service.gov.uk/media/6a8c11c3a8f84a582b84281a/illegal-entry-routes-to-the-uk-summary-jun-2026-tables.ods,2026-09-11,source_checked_pending_independent_review
Palestine,2020,62,2020-01-01,2020-12-31,calendar_year,OFFICIAL_STATISTIC,IER_02b,Latest recorded nationality at extraction; may be revised (IER_02b notes 12–15).,HO-TABLES-2026Q2,2026-08-27,https://assets.publishing.service.gov.uk/media/6a8c11c3a8f84a582b84281a/illegal-entry-routes-to-the-uk-summary-jun-2026-tables.ods,2026-09-11,source_checked_pending_independent_review
Palestine,2021,95,2021-01-01,2021-12-31,calendar_year,OFFICIAL_STATISTIC,IER_02b,Latest recorded nationality at extraction; may be revised (IER_02b notes 12–15).,HO-TABLES-2026Q2,2026-08-27,https://assets.publishing.service.gov.uk/media/6a8c11c3a8f84a582b84281a/illegal-entry-routes-to-the-uk-summary-jun-2026-tables.ods,2026-09-11,source_checked_pending_independent_review
Palestine,2022,64,2022-01-01,2022-12-31,calendar_year,OFFICIAL_STATISTIC,IER_02b,Latest recorded nationality at extraction; may be revised (IER_02b notes 12–15).,HO-TABLES-2026Q2,2026-08-27,https://assets.publishing.service.gov.uk/media/6a8c11c3a8f84a582b84281a/illegal-entry-routes-to-the-uk-summary-jun-2026-tables.ods,2026-09-11,source_checked_pending_independent_review
Palestine,2023,43,2023-01-01,2023-12-31,calendar_year,OFFICIAL_STATISTIC,IER_02b,Latest recorded nationality at extraction; may be revised (IER_02b notes 12–15).,HO-TABLES-2026Q2,2026-08-27,https://assets.publishing.service.gov.uk/media/6a8c11c3a8f84a582b84281a/illegal-entry-routes-to-the-uk-summary-jun-2026-tables.ods,2026-09-11,source_checked_pending_independent_review
Palestine,2024,72,2024-01-01,2024-12-31,calendar_year,OFFICIAL_STATISTIC,IER_02b,Latest recorded nationality at extraction; may be revised (IER_02b notes 12–15).,HO-TABLES-2026Q2,2026-08-27,https://assets.publishing.service.gov.uk/media/6a8c11c3a8f84a582b84281a/illegal-entry-routes-to-the-uk-summary-jun-2026-tables.ods,2026-09-11,source_checked_pending_independent_review
Palestine,2025,536,2025-01-01,2025-12-31,calendar_year,OFFICIAL_STATISTIC,IER_02b,Latest recorded nationality at extraction; may be revised (IER_02b notes 12–15).,HO-TABLES-2026Q2,2026-08-27,https://assets.publishing.service.gov.uk/media/6a8c11c3a8f84a582b84281a/illegal-entry-routes-to-the-uk-summary-jun-2026-tables.ods,2026-09-11,source_checked_pending_independent_review
Palestine,Year ending June 2025,313,2024-07-01,2025-06-30,year_ending_june,OFFICIAL_STATISTIC,IER_02b,Latest recorded nationality at extraction; may be revised (IER_02b notes 12–15).,HO-TABLES-2026Q2,2026-08-27,https://assets.publishing.service.gov.uk/media/6a8c11c3a8f84a582b84281a/illegal-entry-routes-to-the-uk-summary-jun-2026-tables.ods,2026-09-11,source_checked_pending_independent_review
Palestine,Year ending June 2026,368,2025-07-01,2026-06-30,year_ending_june,OFFICIAL_STATISTIC,IER_02b,Latest recorded nationality at extraction; may be revised (IER_02b notes 12–15).,HO-TABLES-2026Q2,2026-08-27,https://assets.publishing.service.gov.uk/media/6a8c11c3a8f84a582b84281a/illegal-entry-routes-to-the-uk-summary-jun-2026-tables.ods,2026-09-11,source_checked_pending_independent_review
Egypt,2018,0,2018-01-01,2018-12-31,calendar_year,OFFICIAL_STATISTIC,IER_02b,Latest recorded nationality at extraction; may be revised (IER_02b notes 12–15).,HO-TABLES-2026Q2,2026-08-27,https://assets.publishing.service.gov.uk/media/6a8c11c3a8f84a582b84281a/illegal-entry-routes-to-the-uk-summary-jun-2026-tables.ods,2026-09-11,source_checked_pending_independent_review
Egypt,2019,1,2019-01-01,2019-12-31,calendar_year,OFFICIAL_STATISTIC,IER_02b,Latest recorded nationality at extraction; may be revised (IER_02b notes 12–15).,HO-TABLES-2026Q2,2026-08-27,https://assets.publishing.service.gov.uk/media/6a8c11c3a8f84a582b84281a/illegal-entry-routes-to-the-uk-summary-jun-2026-tables.ods,2026-09-11,source_checked_pending_independent_review
Egypt,2020,53,2020-01-01,2020-12-31,calendar_year,OFFICIAL_STATISTIC,IER_02b,Latest recorded nationality at extraction; may be revised (IER_02b notes 12–15).,HO-TABLES-2026Q2,2026-08-27,https://assets.publishing.service.gov.uk/media/6a8c11c3a8f84a582b84281a/illegal-entry-routes-to-the-uk-summary-jun-2026-tables.ods,2026-09-11,source_checked_pending_independent_review
Egypt,2021,366,2021-01-01,2021-12-31,calendar_year,OFFICIAL_STATISTIC,IER_02b,Latest recorded nationality at extraction; may be revised (IER_02b notes 12–15).,HO-TABLES-2026Q2,2026-08-27,https://assets.publishing.service.gov.uk/media/6a8c11c3a8f84a582b84281a/illegal-entry-routes-to-the-uk-summary-jun-2026-tables.ods,2026-09-11,source_checked_pending_independent_review
Egypt,2022,1233,2022-01-01,2022-12-31,calendar_year,OFFICIAL_STATISTIC,IER_02b,Latest recorded nationality at extraction; may be revised (IER_02b notes 12–15).,HO-TABLES-2026Q2,2026-08-27,https://assets.publishing.service.gov.uk/media/6a8c11c3a8f84a582b84281a/illegal-entry-routes-to-the-uk-summary-jun-2026-tables.ods,2026-09-11,source_checked_pending_independent_review
Egypt,2023,810,2023-01-01,2023-12-31,calendar_year,OFFICIAL_STATISTIC,IER_02b,Latest recorded nationality at extraction; may be revised (IER_02b notes 12–15).,HO-TABLES-2026Q2,2026-08-27,https://assets.publishing.service.gov.uk/media/6a8c11c3a8f84a582b84281a/illegal-entry-routes-to-the-uk-summary-jun-2026-tables.ods,2026-09-11,source_checked_pending_independent_review
Egypt,2024,378,2024-01-01,2024-12-31,calendar_year,OFFICIAL_STATISTIC,IER_02b,Latest recorded nationality at extraction; may be revised (IER_02b notes 12–15).,HO-TABLES-2026Q2,2026-08-27,https://assets.publishing.service.gov.uk/media/6a8c11c3a8f84a582b84281a/illegal-entry-routes-to-the-uk-summary-jun-2026-tables.ods,2026-09-11,source_checked_pending_independent_review
Egypt,2025,493,2025-01-01,2025-12-31,calendar_year,OFFICIAL_STATISTIC,IER_02b,Latest recorded nationality at extraction; may be revised (IER_02b notes 12–15).,HO-TABLES-2026Q2,2026-08-27,https://assets.publishing.service.gov.uk/media/6a8c11c3a8f84a582b84281a/illegal-entry-routes-to-the-uk-summary-jun-2026-tables.ods,2026-09-11,source_checked_pending_independent_review
Egypt,Year ending June 2025,503,2024-07-01,2025-06-30,year_ending_june,OFFICIAL_STATISTIC,IER_02b,Latest recorded nationality at extraction; may be revised (IER_02b notes 12–15).,HO-TABLES-2026Q2,2026-08-27,https://assets.publishing.service.gov.uk/media/6a8c11c3a8f84a582b84281a/illegal-entry-routes-to-the-uk-summary-jun-2026-tables.ods,2026-09-11,source_checked_pending_independent_review
Egypt,Year ending June 2026,354,2025-07-01,2026-06-30,year_ending_june,OFFICIAL_STATISTIC,IER_02b,Latest recorded nationality at extraction; may be revised (IER_02b notes 12–15).,HO-TABLES-2026Q2,2026-08-27,https://assets.publishing.service.gov.uk/media/6a8c11c3a8f84a582b84281a/illegal-entry-routes-to-the-uk-summary-jun-2026-tables.ods,2026-09-11,source_checked_pending_independent_review
South Sudan,2018,0,2018-01-01,2018-12-31,calendar_year,OFFICIAL_STATISTIC,IER_02b,Latest recorded nationality at extraction; may be revised (IER_02b notes 12–15).,HO-TABLES-2026Q2,2026-08-27,https://assets.publishing.service.gov.uk/media/6a8c11c3a8f84a582b84281a/illegal-entry-routes-to-the-uk-summary-jun-2026-tables.ods,2026-09-11,source_checked_pending_independent_review
South Sudan,2019,0,2019-01-01,2019-12-31,calendar_year,OFFICIAL_STATISTIC,IER_02b,Latest recorded nationality at extraction; may be revised (IER_02b notes 12–15).,HO-TABLES-2026Q2,2026-08-27,https://assets.publishing.service.gov.uk/media/6a8c11c3a8f84a582b84281a/illegal-entry-routes-to-the-uk-summary-jun-2026-tables.ods,2026-09-11,source_checked_pending_independent_review
South Sudan,2020,34,2020-01-01,2020-12-31,calendar_year,OFFICIAL_STATISTIC,IER_02b,Latest recorded nationality at extraction; may be revised (IER_02b notes 12–15).,HO-TABLES-2026Q2,2026-08-27,https://assets.publishing.service.gov.uk/media/6a8c11c3a8f84a582b84281a/illegal-entry-routes-to-the-uk-summary-jun-2026-tables.ods,2026-09-11,source_checked_pending_independent_review
South Sudan,2021,62,2021-01-01,2021-12-31,calendar_year,OFFICIAL_STATISTIC,IER_02b,Latest recorded nationality at extraction; may be revised (IER_02b notes 12–15).,HO-TABLES-2026Q2,2026-08-27,https://assets.publishing.service.gov.uk/media/6a8c11c3a8f84a582b84281a/illegal-entry-routes-to-the-uk-summary-jun-2026-tables.ods,2026-09-11,source_checked_pending_independent_review
South Sudan,2022,129,2022-01-01,2022-12-31,calendar_year,OFFICIAL_STATISTIC,IER_02b,Latest recorded nationality at extraction; may be revised (IER_02b notes 12–15).,HO-TABLES-2026Q2,2026-08-27,https://assets.publishing.service.gov.uk/media/6a8c11c3a8f84a582b84281a/illegal-entry-routes-to-the-uk-summary-jun-2026-tables.ods,2026-09-11,source_checked_pending_independent_review
South Sudan,2023,256,2023-01-01,2023-12-31,calendar_year,OFFICIAL_STATISTIC,IER_02b,Latest recorded nationality at extraction; may be revised (IER_02b notes 12–15).,HO-TABLES-2026Q2,2026-08-27,https://assets.publishing.service.gov.uk/media/6a8c11c3a8f84a582b84281a/illegal-entry-routes-to-the-uk-summary-jun-2026-tables.ods,2026-09-11,source_checked_pending_independent_review
South Sudan,2024,328,2024-01-01,2024-12-31,calendar_year,OFFICIAL_STATISTIC,IER_02b,Latest recorded nationality at extraction; may be revised (IER_02b notes 12–15).,HO-TABLES-2026Q2,2026-08-27,https://assets.publishing.service.gov.uk/media/6a8c11c3a8f84a582b84281a/illegal-entry-routes-to-the-uk-summary-jun-2026-tables.ods,2026-09-11,source_checked_pending_independent_review
South Sudan,2025,332,2025-01-01,2025-12-31,calendar_year,OFFICIAL_STATISTIC,IER_02b,Latest recorded nationality at extraction; may be revised (IER_02b notes 12–15).,HO-TABLES-2026Q2,2026-08-27,https://assets.publishing.service.gov.uk/media/6a8c11c3a8f84a582b84281a/illegal-entry-routes-to-the-uk-summary-jun-2026-tables.ods,2026-09-11,source_checked_pending_independent_review
South Sudan,Year ending June 2025,362,2024-07-01,2025-06-30,year_ending_june,OFFICIAL_STATISTIC,IER_02b,Latest recorded nationality at extraction; may be revised (IER_02b notes 12–15).,HO-TABLES-2026Q2,2026-08-27,https://assets.publishing.service.gov.uk/media/6a8c11c3a8f84a582b84281a/illegal-entry-routes-to-the-uk-summary-jun-2026-tables.ods,2026-09-11,source_checked_pending_independent_review
South Sudan,Year ending June 2026,346,2025-07-01,2026-06-30,year_ending_june,OFFICIAL_STATISTIC,IER_02b,Latest recorded nationality at extraction; may be revised (IER_02b notes 12–15).,HO-TABLES-2026Q2,2026-08-27,https://assets.publishing.service.gov.uk/media/6a8c11c3a8f84a582b84281a/illegal-entry-routes-to-the-uk-summary-jun-2026-tables.ods,2026-09-11,source_checked_pending_independent_review
Georgia,2018,0,2018-01-01,2018-12-31,calendar_year,OFFICIAL_STATISTIC,IER_02b,Latest recorded nationality at extraction; may be revised (IER_02b notes 12–15).,HO-TABLES-2026Q2,2026-08-27,https://assets.publishing.service.gov.uk/media/6a8c11c3a8f84a582b84281a/illegal-entry-routes-to-the-uk-summary-jun-2026-tables.ods,2026-09-11,source_checked_pending_independent_review
Georgia,2019,0,2019-01-01,2019-12-31,calendar_year,OFFICIAL_STATISTIC,IER_02b,Latest recorded nationality at extraction; may be revised (IER_02b notes 12–15).,HO-TABLES-2026Q2,2026-08-27,https://assets.publishing.service.gov.uk/media/6a8c11c3a8f84a582b84281a/illegal-entry-routes-to-the-uk-summary-jun-2026-tables.ods,2026-09-11,source_checked_pending_independent_review
Georgia,2020,3,2020-01-01,2020-12-31,calendar_year,OFFICIAL_STATISTIC,IER_02b,Latest recorded nationality at extraction; may be revised (IER_02b notes 12–15).,HO-TABLES-2026Q2,2026-08-27,https://assets.publishing.service.gov.uk/media/6a8c11c3a8f84a582b84281a/illegal-entry-routes-to-the-uk-summary-jun-2026-tables.ods,2026-09-11,source_checked_pending_independent_review
Georgia,2021,0,2021-01-01,2021-12-31,calendar_year,OFFICIAL_STATISTIC,IER_02b,Latest recorded nationality at extraction; may be revised (IER_02b notes 12–15).,HO-TABLES-2026Q2,2026-08-27,https://assets.publishing.service.gov.uk/media/6a8c11c3a8f84a582b84281a/illegal-entry-routes-to-the-uk-summary-jun-2026-tables.ods,2026-09-11,source_checked_pending_independent_review
Georgia,2022,313,2022-01-01,2022-12-31,calendar_year,OFFICIAL_STATISTIC,IER_02b,Latest recorded nationality at extraction; may be revised (IER_02b notes 12–15).,HO-TABLES-2026Q2,2026-08-27,https://assets.publishing.service.gov.uk/media/6a8c11c3a8f84a582b84281a/illegal-entry-routes-to-the-uk-summary-jun-2026-tables.ods,2026-09-11,source_checked_pending_independent_review
Georgia,2023,572,2023-01-01,2023-12-31,calendar_year,OFFICIAL_STATISTIC,IER_02b,Latest recorded nationality at extraction; may be revised (IER_02b notes 12–15).,HO-TABLES-2026Q2,2026-08-27,https://assets.publishing.service.gov.uk/media/6a8c11c3a8f84a582b84281a/illegal-entry-routes-to-the-uk-summary-jun-2026-tables.ods,2026-09-11,source_checked_pending_independent_review
Georgia,2024,316,2024-01-01,2024-12-31,calendar_year,OFFICIAL_STATISTIC,IER_02b,Latest recorded nationality at extraction; may be revised (IER_02b notes 12–15).,HO-TABLES-2026Q2,2026-08-27,https://assets.publishing.service.gov.uk/media/6a8c11c3a8f84a582b84281a/illegal-entry-routes-to-the-uk-summary-jun-2026-tables.ods,2026-09-11,source_checked_pending_independent_review
Georgia,2025,367,2025-01-01,2025-12-31,calendar_year,OFFICIAL_STATISTIC,IER_02b,Latest recorded nationality at extraction; may be revised (IER_02b notes 12–15).,HO-TABLES-2026Q2,2026-08-27,https://assets.publishing.service.gov.uk/media/6a8c11c3a8f84a582b84281a/illegal-entry-routes-to-the-uk-summary-jun-2026-tables.ods,2026-09-11,source_checked_pending_independent_review
Georgia,Year ending June 2025,339,2024-07-01,2025-06-30,year_ending_june,OFFICIAL_STATISTIC,IER_02b,Latest recorded nationality at extraction; may be revised (IER_02b notes 12–15).,HO-TABLES-2026Q2,2026-08-27,https://assets.publishing.service.gov.uk/media/6a8c11c3a8f84a582b84281a/illegal-entry-routes-to-the-uk-summary-jun-2026-tables.ods,2026-09-11,source_checked_pending_independent_review
Georgia,Year ending June 2026,308,2025-07-01,2026-06-30,year_ending_june,OFFICIAL_STATISTIC,IER_02b,Latest recorded nationality at extraction; may be revised (IER_02b notes 12–15).,HO-TABLES-2026Q2,2026-08-27,https://assets.publishing.service.gov.uk/media/6a8c11c3a8f84a582b84281a/illegal-entry-routes-to-the-uk-summary-jun-2026-tables.ods,2026-09-11,source_checked_pending_independent_review
Sri Lanka,2018,0,2018-01-01,2018-12-31,calendar_year,OFFICIAL_STATISTIC,IER_02b,Latest recorded nationality at extraction; may be revised (IER_02b notes 12–15).,HO-TABLES-2026Q2,2026-08-27,https://assets.publishing.service.gov.uk/media/6a8c11c3a8f84a582b84281a/illegal-entry-routes-to-the-uk-summary-jun-2026-tables.ods,2026-09-11,source_checked_pending_independent_review
Sri Lanka,2019,0,2019-01-01,2019-12-31,calendar_year,OFFICIAL_STATISTIC,IER_02b,Latest recorded nationality at extraction; may be revised (IER_02b notes 12–15).,HO-TABLES-2026Q2,2026-08-27,https://assets.publishing.service.gov.uk/media/6a8c11c3a8f84a582b84281a/illegal-entry-routes-to-the-uk-summary-jun-2026-tables.ods,2026-09-11,source_checked_pending_independent_review
Sri Lanka,2020,18,2020-01-01,2020-12-31,calendar_year,OFFICIAL_STATISTIC,IER_02b,Latest recorded nationality at extraction; may be revised (IER_02b notes 12–15).,HO-TABLES-2026Q2,2026-08-27,https://assets.publishing.service.gov.uk/media/6a8c11c3a8f84a582b84281a/illegal-entry-routes-to-the-uk-summary-jun-2026-tables.ods,2026-09-11,source_checked_pending_independent_review
Sri Lanka,2021,80,2021-01-01,2021-12-31,calendar_year,OFFICIAL_STATISTIC,IER_02b,Latest recorded nationality at extraction; may be revised (IER_02b notes 12–15).,HO-TABLES-2026Q2,2026-08-27,https://assets.publishing.service.gov.uk/media/6a8c11c3a8f84a582b84281a/illegal-entry-routes-to-the-uk-summary-jun-2026-tables.ods,2026-09-11,source_checked_pending_independent_review
Sri Lanka,2022,182,2022-01-01,2022-12-31,calendar_year,OFFICIAL_STATISTIC,IER_02b,Latest recorded nationality at extraction; may be revised (IER_02b notes 12–15).,HO-TABLES-2026Q2,2026-08-27,https://assets.publishing.service.gov.uk/media/6a8c11c3a8f84a582b84281a/illegal-entry-routes-to-the-uk-summary-jun-2026-tables.ods,2026-09-11,source_checked_pending_independent_review
Sri Lanka,2023,296,2023-01-01,2023-12-31,calendar_year,OFFICIAL_STATISTIC,IER_02b,Latest recorded nationality at extraction; may be revised (IER_02b notes 12–15).,HO-TABLES-2026Q2,2026-08-27,https://assets.publishing.service.gov.uk/media/6a8c11c3a8f84a582b84281a/illegal-entry-routes-to-the-uk-summary-jun-2026-tables.ods,2026-09-11,source_checked_pending_independent_review
Sri Lanka,2024,334,2024-01-01,2024-12-31,calendar_year,OFFICIAL_STATISTIC,IER_02b,Latest recorded nationality at extraction; may be revised (IER_02b notes 12–15).,HO-TABLES-2026Q2,2026-08-27,https://assets.publishing.service.gov.uk/media/6a8c11c3a8f84a582b84281a/illegal-entry-routes-to-the-uk-summary-jun-2026-tables.ods,2026-09-11,source_checked_pending_independent_review
Sri Lanka,2025,273,2025-01-01,2025-12-31,calendar_year,OFFICIAL_STATISTIC,IER_02b,Latest recorded nationality at extraction; may be revised (IER_02b notes 12–15).,HO-TABLES-2026Q2,2026-08-27,https://assets.publishing.service.gov.uk/media/6a8c11c3a8f84a582b84281a/illegal-entry-routes-to-the-uk-summary-jun-2026-tables.ods,2026-09-11,source_checked_pending_independent_review
Sri Lanka,Year ending June 2025,306,2024-07-01,2025-06-30,year_ending_june,OFFICIAL_STATISTIC,IER_02b,Latest recorded nationality at extraction; may be revised (IER_02b notes 12–15).,HO-TABLES-2026Q2,2026-08-27,https://assets.publishing.service.gov.uk/media/6a8c11c3a8f84a582b84281a/illegal-entry-routes-to-the-uk-summary-jun-2026-tables.ods,2026-09-11,source_checked_pending_independent_review
Sri Lanka,Year ending June 2026,290,2025-07-01,2026-06-30,year_ending_june,OFFICIAL_STATISTIC,IER_02b,Latest recorded nationality at extraction; may be revised (IER_02b notes 12–15).,HO-TABLES-2026Q2,2026-08-27,https://assets.publishing.service.gov.uk/media/6a8c11c3a8f84a582b84281a/illegal-entry-routes-to-the-uk-summary-jun-2026-tables.ods,2026-09-11,source_checked_pending_independent_review
Kuwait,2018,0,2018-01-01,2018-12-31,calendar_year,OFFICIAL_STATISTIC,IER_02b,Latest recorded nationality at extraction; may be revised (IER_02b notes 12–15).,HO-TABLES-2026Q2,2026-08-27,https://assets.publishing.service.gov.uk/media/6a8c11c3a8f84a582b84281a/illegal-entry-routes-to-the-uk-summary-jun-2026-tables.ods,2026-09-11,source_checked_pending_independent_review
Kuwait,2019,2,2019-01-01,2019-12-31,calendar_year,OFFICIAL_STATISTIC,IER_02b,Latest recorded nationality at extraction; may be revised (IER_02b notes 12–15).,HO-TABLES-2026Q2,2026-08-27,https://assets.publishing.service.gov.uk/media/6a8c11c3a8f84a582b84281a/illegal-entry-routes-to-the-uk-summary-jun-2026-tables.ods,2026-09-11,source_checked_pending_independent_review
Kuwait,2020,79,2020-01-01,2020-12-31,calendar_year,OFFICIAL_STATISTIC,IER_02b,Latest recorded nationality at extraction; may be revised (IER_02b notes 12–15).,HO-TABLES-2026Q2,2026-08-27,https://assets.publishing.service.gov.uk/media/6a8c11c3a8f84a582b84281a/illegal-entry-routes-to-the-uk-summary-jun-2026-tables.ods,2026-09-11,source_checked_pending_independent_review
Kuwait,2021,537,2021-01-01,2021-12-31,calendar_year,OFFICIAL_STATISTIC,IER_02b,Latest recorded nationality at extraction; may be revised (IER_02b notes 12–15).,HO-TABLES-2026Q2,2026-08-27,https://assets.publishing.service.gov.uk/media/6a8c11c3a8f84a582b84281a/illegal-entry-routes-to-the-uk-summary-jun-2026-tables.ods,2026-09-11,source_checked_pending_independent_review
Kuwait,2022,374,2022-01-01,2022-12-31,calendar_year,OFFICIAL_STATISTIC,IER_02b,Latest recorded nationality at extraction; may be revised (IER_02b notes 12–15).,HO-TABLES-2026Q2,2026-08-27,https://assets.publishing.service.gov.uk/media/6a8c11c3a8f84a582b84281a/illegal-entry-routes-to-the-uk-summary-jun-2026-tables.ods,2026-09-11,source_checked_pending_independent_review
Kuwait,2023,309,2023-01-01,2023-12-31,calendar_year,OFFICIAL_STATISTIC,IER_02b,Latest recorded nationality at extraction; may be revised (IER_02b notes 12–15).,HO-TABLES-2026Q2,2026-08-27,https://assets.publishing.service.gov.uk/media/6a8c11c3a8f84a582b84281a/illegal-entry-routes-to-the-uk-summary-jun-2026-tables.ods,2026-09-11,source_checked_pending_independent_review
Kuwait,2024,462,2024-01-01,2024-12-31,calendar_year,OFFICIAL_STATISTIC,IER_02b,Latest recorded nationality at extraction; may be revised (IER_02b notes 12–15).,HO-TABLES-2026Q2,2026-08-27,https://assets.publishing.service.gov.uk/media/6a8c11c3a8f84a582b84281a/illegal-entry-routes-to-the-uk-summary-jun-2026-tables.ods,2026-09-11,source_checked_pending_independent_review
Kuwait,2025,526,2025-01-01,2025-12-31,calendar_year,OFFICIAL_STATISTIC,IER_02b,Latest recorded nationality at extraction; may be revised (IER_02b notes 12–15).,HO-TABLES-2026Q2,2026-08-27,https://assets.publishing.service.gov.uk/media/6a8c11c3a8f84a582b84281a/illegal-entry-routes-to-the-uk-summary-jun-2026-tables.ods,2026-09-11,source_checked_pending_independent_review
Kuwait,Year ending June 2025,671,2024-07-01,2025-06-30,year_ending_june,OFFICIAL_STATISTIC,IER_02b,Latest recorded nationality at extraction; may be revised (IER_02b notes 12–15).,HO-TABLES-2026Q2,2026-08-27,https://assets.publishing.service.gov.uk/media/6a8c11c3a8f84a582b84281a/illegal-entry-routes-to-the-uk-summary-jun-2026-tables.ods,2026-09-11,source_checked_pending_independent_review
Kuwait,Year ending June 2026,258,2025-07-01,2026-06-30,year_ending_june,OFFICIAL_STATISTIC,IER_02b,Latest recorded nationality at extraction; may be revised (IER_02b notes 12–15).,HO-TABLES-2026Q2,2026-08-27,https://assets.publishing.service.gov.uk/media/6a8c11c3a8f84a582b84281a/illegal-entry-routes-to-the-uk-summary-jun-2026-tables.ods,2026-09-11,source_checked_pending_independent_review
All other nationalities,2018,20,2018-01-01,2018-12-31,calendar_year,OFFICIAL_STATISTIC,IER_02b,Latest recorded nationality at extraction; may be revised (IER_02b notes 12–15).,HO-TABLES-2026Q2,2026-08-27,https://assets.publishing.service.gov.uk/media/6a8c11c3a8f84a582b84281a/illegal-entry-routes-to-the-uk-summary-jun-2026-tables.ods,2026-09-11,source_checked_pending_independent_review
All other nationalities,2019,54,2019-01-01,2019-12-31,calendar_year,OFFICIAL_STATISTIC,IER_02b,Latest recorded nationality at extraction; may be revised (IER_02b notes 12–15).,HO-TABLES-2026Q2,2026-08-27,https://assets.publishing.service.gov.uk/media/6a8c11c3a8f84a582b84281a/illegal-entry-routes-to-the-uk-summary-jun-2026-tables.ods,2026-09-11,source_checked_pending_independent_review
All other nationalities,2020,392,2020-01-01,2020-12-31,calendar_year,OFFICIAL_STATISTIC,IER_02b,Latest recorded nationality at extraction; may be revised (IER_02b notes 12–15).,HO-TABLES-2026Q2,2026-08-27,https://assets.publishing.service.gov.uk/media/6a8c11c3a8f84a582b84281a/illegal-entry-routes-to-the-uk-summary-jun-2026-tables.ods,2026-09-11,source_checked_pending_independent_review
All other nationalities,2021,1465,2021-01-01,2021-12-31,calendar_year,OFFICIAL_STATISTIC,IER_02b,Latest recorded nationality at extraction; may be revised (IER_02b notes 12–15).,HO-TABLES-2026Q2,2026-08-27,https://assets.publishing.service.gov.uk/media/6a8c11c3a8f84a582b84281a/illegal-entry-routes-to-the-uk-summary-jun-2026-tables.ods,2026-09-11,source_checked_pending_independent_review
All other nationalities,2022,13589,2022-01-01,2022-12-31,calendar_year,OFFICIAL_STATISTIC,IER_02b,Latest recorded nationality at extraction; may be revised (IER_02b notes 12–15).,HO-TABLES-2026Q2,2026-08-27,https://assets.publishing.service.gov.uk/media/6a8c11c3a8f84a582b84281a/illegal-entry-routes-to-the-uk-summary-jun-2026-tables.ods,2026-09-11,source_checked_pending_independent_review
All other nationalities,2023,1648,2023-01-01,2023-12-31,calendar_year,OFFICIAL_STATISTIC,IER_02b,Latest recorded nationality at extraction; may be revised (IER_02b notes 12–15).,HO-TABLES-2026Q2,2026-08-27,https://assets.publishing.service.gov.uk/media/6a8c11c3a8f84a582b84281a/illegal-entry-routes-to-the-uk-summary-jun-2026-tables.ods,2026-09-11,source_checked_pending_independent_review
All other nationalities,2024,1610,2024-01-01,2024-12-31,calendar_year,OFFICIAL_STATISTIC,IER_02b,Latest recorded nationality at extraction; may be revised (IER_02b notes 12–15).,HO-TABLES-2026Q2,2026-08-27,https://assets.publishing.service.gov.uk/media/6a8c11c3a8f84a582b84281a/illegal-entry-routes-to-the-uk-summary-jun-2026-tables.ods,2026-09-11,source_checked_pending_independent_review
All other nationalities,2025,2021,2025-01-01,2025-12-31,calendar_year,OFFICIAL_STATISTIC,IER_02b,Latest recorded nationality at extraction; may be revised (IER_02b notes 12–15).,HO-TABLES-2026Q2,2026-08-27,https://assets.publishing.service.gov.uk/media/6a8c11c3a8f84a582b84281a/illegal-entry-routes-to-the-uk-summary-jun-2026-tables.ods,2026-09-11,source_checked_pending_independent_review
All other nationalities,Year ending June 2025,2218,2024-07-01,2025-06-30,year_ending_june,OFFICIAL_STATISTIC,IER_02b,Latest recorded nationality at extraction; may be revised (IER_02b notes 12–15).,HO-TABLES-2026Q2,2026-08-27,https://assets.publishing.service.gov.uk/media/6a8c11c3a8f84a582b84281a/illegal-entry-routes-to-the-uk-summary-jun-2026-tables.ods,2026-09-11,source_checked_pending_independent_review
All other nationalities,Year ending June 2026,1581,2025-07-01,2026-06-30,year_ending_june,OFFICIAL_STATISTIC,IER_02b,Latest recorded nationality at extraction; may be revised (IER_02b notes 12–15).,HO-TABLES-2026Q2,2026-08-27,https://assets.publishing.service.gov.uk/media/6a8c11c3a8f84a582b84281a/illegal-entry-routes-to-the-uk-summary-jun-2026-tables.ods,2026-09-11,source_checked_pending_independent_review
Not currently recorded,2018,0,2018-01-01,2018-12-31,calendar_year,OFFICIAL_STATISTIC,IER_02b,Latest recorded nationality at extraction; may be revised (IER_02b notes 12–15).,HO-TABLES-2026Q2,2026-08-27,https://assets.publishing.service.gov.uk/media/6a8c11c3a8f84a582b84281a/illegal-entry-routes-to-the-uk-summary-jun-2026-tables.ods,2026-09-11,source_checked_pending_independent_review
Not currently recorded,2019,0,2019-01-01,2019-12-31,calendar_year,OFFICIAL_STATISTIC,IER_02b,Latest recorded nationality at extraction; may be revised (IER_02b notes 12–15).,HO-TABLES-2026Q2,2026-08-27,https://assets.publishing.service.gov.uk/media/6a8c11c3a8f84a582b84281a/illegal-entry-routes-to-the-uk-summary-jun-2026-tables.ods,2026-09-11,source_checked_pending_independent_review
Not currently recorded,2020,0,2020-01-01,2020-12-31,calendar_year,OFFICIAL_STATISTIC,IER_02b,Latest recorded nationality at extraction; may be revised (IER_02b notes 12–15).,HO-TABLES-2026Q2,2026-08-27,https://assets.publishing.service.gov.uk/media/6a8c11c3a8f84a582b84281a/illegal-entry-routes-to-the-uk-summary-jun-2026-tables.ods,2026-09-11,source_checked_pending_independent_review
Not currently recorded,2021,582,2021-01-01,2021-12-31,calendar_year,OFFICIAL_STATISTIC,IER_02b,Latest recorded nationality at extraction; may be revised (IER_02b notes 12–15).,HO-TABLES-2026Q2,2026-08-27,https://assets.publishing.service.gov.uk/media/6a8c11c3a8f84a582b84281a/illegal-entry-routes-to-the-uk-summary-jun-2026-tables.ods,2026-09-11,source_checked_pending_independent_review
Not currently recorded,2022,200,2022-01-01,2022-12-31,calendar_year,OFFICIAL_STATISTIC,IER_02b,Latest recorded nationality at extraction; may be revised (IER_02b notes 12–15).,HO-TABLES-2026Q2,2026-08-27,https://assets.publishing.service.gov.uk/media/6a8c11c3a8f84a582b84281a/illegal-entry-routes-to-the-uk-summary-jun-2026-tables.ods,2026-09-11,source_checked_pending_independent_review
Not currently recorded,2023,1036,2023-01-01,2023-12-31,calendar_year,OFFICIAL_STATISTIC,IER_02b,Latest recorded nationality at extraction; may be revised (IER_02b notes 12–15).,HO-TABLES-2026Q2,2026-08-27,https://assets.publishing.service.gov.uk/media/6a8c11c3a8f84a582b84281a/illegal-entry-routes-to-the-uk-summary-jun-2026-tables.ods,2026-09-11,source_checked_pending_independent_review
Not currently recorded,2024,739,2024-01-01,2024-12-31,calendar_year,OFFICIAL_STATISTIC,IER_02b,Latest recorded nationality at extraction; may be revised (IER_02b notes 12–15).,HO-TABLES-2026Q2,2026-08-27,https://assets.publishing.service.gov.uk/media/6a8c11c3a8f84a582b84281a/illegal-entry-routes-to-the-uk-summary-jun-2026-tables.ods,2026-09-11,source_checked_pending_independent_review
Not currently recorded,2025,877,2025-01-01,2025-12-31,calendar_year,OFFICIAL_STATISTIC,IER_02b,Latest recorded nationality at extraction; may be revised (IER_02b notes 12–15).,HO-TABLES-2026Q2,2026-08-27,https://assets.publishing.service.gov.uk/media/6a8c11c3a8f84a582b84281a/illegal-entry-routes-to-the-uk-summary-jun-2026-tables.ods,2026-09-11,source_checked_pending_independent_review
Not currently recorded,Year ending June 2025,683,2024-07-01,2025-06-30,year_ending_june,OFFICIAL_STATISTIC,IER_02b,Latest recorded nationality at extraction; may be revised (IER_02b notes 12–15).,HO-TABLES-2026Q2,2026-08-27,https://assets.publishing.service.gov.uk/media/6a8c11c3a8f84a582b84281a/illegal-entry-routes-to-the-uk-summary-jun-2026-tables.ods,2026-09-11,source_checked_pending_independent_review
Not currently recorded,Year ending June 2026,1140,2025-07-01,2026-06-30,year_ending_june,OFFICIAL_STATISTIC,IER_02b,Latest recorded nationality at extraction; may be revised (IER_02b notes 12–15).,HO-TABLES-2026Q2,2026-08-27,https://assets.publishing.service.gov.uk/media/6a8c11c3a8f84a582b84281a/illegal-entry-routes-to-the-uk-summary-jun-2026-tables.ods,2026-09-11,source_checked_pending_independent_review
